cell,N,d,m0,tau_flow,steps_eta2e4,note
tied rho0=0.01,128,8,0.3535533905932738,1.2315361225618646,6157.680612809323,rho_trap=1.055 rho_at_T=0.01049
tied rho0=0.01,128,16,0.25,5.880288569234586,29401.44284617293,rho_trap=0.2069 rho_at_T=0.01065
tied rho0=0.01,128,32,0.1767766952966369,26.5759579703899,132879.7898519495,rho_trap=0.04741 rho_at_T=0.01054
tied rho0=0.01,16,8,0.3535533905932738,1.4246957602497716,7123.478801248858,rho_trap=0.1294 rho_at_T=0.01018
tied rho0=0.01,16,16,0.25,9.57093692950601,47854.68464753005,rho_trap=0.02581 rho_at_T=0.009495
tied rho0=0.01,16,32,0.1767766952966369,inf,inf,rho_trap=0.005926 rho_at_T=nan
kappa tied N=128 d=8-16,128,16,nan,nan,nan,6.5109
kappa tied N=128 d=16-32,128,32,nan,nan,nan,6.3523
kappa tied N=16 d=8-16,16,16,nan,nan,nan,7.4960
pinned gamma=0.2,128,8,0.3535533905932738,11.828058050565996,59140.29025282998,m0/m*=1.176
pinned gamma=0.2,128,16,0.25,inf,inf,m0/m*=0.832
pinned gamma=0.2,128,32,0.1767766952966369,inf,inf,m0/m*=0.588
