seed,teacher,neuron,arrival_rank_on_teacher,m0,T_half,K,K_nopi
0,1,4,1,0.42497568247617434,1000.0,0.1322785625215504,0.17637141669540055
0,1,3,2,0.20519783528864316,14000.0,0.431752531127953,0.5756700415039373
0,1,2,3,0.1767150753242503,27500.0,0.6289863213783142,0.8386484285044189
0,2,1,1,0.1372235759784837,75500.0,0.34709189214510816,1.3883675685804326
1,1,3,1,0.27469037578357713,4000.0,0.22105899184020356,0.29474532245360474
1,1,2,2,0.19463742438741338,15500.0,0.4300764902846001,0.5734353203794668
1,2,4,1,0.22478583281694298,18500.0,0.22821787274202215,0.9128714909680886
1,2,1,2,0.11894225539251899,136000.0,0.46973324610079414,1.8789329844031766
2,1,4,1,0.24452211663525852,6000.0,0.26275370591507946,0.3503382745534393
2,2,2,1,0.09128103350999967,105000.0,0.21359468829556558,0.8543787531822623
2,2,3,2,0.09138709348647904,559500.0,1.1408009469921054,4.563203787968422
