model,k,m,drift_mc,se,drift_formula,n_batches,B,d,N,gamma,a,wall_s,ratio,z_score
A,1,0.05,0.01887841544637714,0.00020040167764248643,0.01899218749989995,50000,64,16,128,0.1,1.0,102.61121010780334,0.9940095339979448,-0.5677200653268827
A,1,0.1,0.03797208980003578,0.00020348974826330432,0.0379843749997999,50000,64,16,128,0.1,1.0,102.63335752487183,0.9996765722809924,-0.06037257340462862
A,1,0.2,0.0759463321557465,0.0002219789989245437,0.0759687499995998,50000,64,16,128,0.1,1.0,101.26345133781433,0.9997049070327811,-0.10099083229450004
A,1,0.4,0.1518729576693999,0.00028603075157998114,0.1519374999997547,50000,64,16,128,0.1,1.0,102.30960988998413,0.9995752047364548,-0.22564822138277058
A,2,0.05,6.768914780311436e-05,8.195948711236855e-05,3.23050663997293e-05,50000,64,16,128,0.1,1.0,103.89808988571167,2.0953105920154234,0.4317264864636425
A,2,0.1,0.0007304452240919374,9.607542526846346e-05,0.0006334382585126974,50000,64,16,128,0.1,1.0,105.30804014205933,1.153143521528066,1.009695927009155
A,2,0.2,0.00565834603997402,0.00014113132878284772,0.005817501516625079,50000,64,16,128,0.1,1.0,106.26810455322266,0.9726419535609523,-1.1277118838436244
A,2,0.4,0.04787393969772889,0.00036040145333874566,0.04804000303393341,50000,64,16,128,0.1,1.0,104.78640961647034,0.996543228024211,-0.46077321460863174
A,3,0.05,-1.6387106592230364e-05,0.00011913798957385729,-0.00014238091150531318,50000,64,16,128,0.1,1.0,105.15809893608093,0.11509342382331111,1.0575451655995538
A,3,0.1,-3.3044609328718427e-05,0.0001128238008458378,-0.0002868140414058473,50000,64,16,128,0.1,1.0,104.9166750907898,0.11521266241620184,2.2492544141805584
A,3,0.2,-0.0003021032994391668,0.0002567250656750602,-0.00033554973244420694,50000,64,16,128,0.1,1.0,105.1793098449707,0.9003234699029259,0.13028113525686533
A,3,0.4,0.009587112299884223,0.0006379568076620393,0.0093774023451898,50000,64,16,128,0.1,1.0,105.27890539169312,1.0223633312270104,0.3287212428423806
B,1,0.05,2.0003416561713485,0.0018988573297816739,1.9999999999997797,50000,64,16,128,0.1,1.0,1.7014210224151611,1.0001708280857844,0.1799272468817157
B,1,0.1,2.00125341686788,0.0018696749525165977,1.9999999999997797,50000,64,16,128,0.1,1.0,1.766723871231079,1.00062670843405,0.6703929292164399
B,1,0.2,1.99585901834449,0.00182480477847745,1.9999999999986695,50000,64,16,128,0.1,1.0,1.7964701652526855,0.9979295091729089,-2.2692737891856107
B,1,0.4,2.0016755683636602,0.0017353970651090846,1.9999999999997797,50000,64,16,128,0.1,1.0,1.7214767932891846,1.0008377841819402,0.9655244886421273
B,2,0.05,0.20038444456200705,0.0038832439944537682,0.20000000000131024,50000,64,16,128,0.1,1.0,2.0719034671783447,1.0019222228034714,0.09900087690752575
B,2,0.1,0.399774277462818,0.0038980959130852947,0.3999999999992898,50000,64,16,128,0.1,1.0,2.1155972480773926,0.9994356936588195,-0.05790584467510924
B,2,0.2,0.8000691916676963,0.004014475405053549,0.7999999999996898,50000,64,16,128,0.1,1.0,2.119847297668457,1.0000864895850081,0.017235544130959495
B,2,0.4,1.597221058620579,0.0043380831113999695,1.5999999999993797,50000,64,16,128,0.1,1.0,1.9328272342681885,0.9982631616382489,-0.6405920097514747
B,3,0.05,0.01749527238303932,0.011517143556200982,0.015000019999433789,50000,64,16,128,0.1,1.0,2.2191929817199707,1.1663499371133987,0.21665549026364753
B,3,0.1,0.048588049870564136,0.011425209119400256,0.06000002000017268,50000,64,16,128,0.1,1.0,2.2110469341278076,0.8098005612402179,-0.9988412474858575
B,3,0.2,0.23867839087850637,0.01123555865147666,0.2400000199997976,50000,64,16,128,0.1,1.0,2.125027656555176,0.9944932124535143,-0.11762914175322467
B,3,0.4,0.9605043673007915,0.011803027836126906,0.9600000199994074,50000,64,16,128,0.1,1.0,2.1025710105895996,1.0005253617613303,0.042730332283071486
