model,k,eta0,n_runs,coef_logd,se_logd,coef_logm0,se_logm0,resid_sd
A,1,0.5,20,2.425521783329262,0.19484551414092324,-0.4438417820251007,0.08451599061198872,0.616479999231226
A,1,1.0,20,2.4233120100432286,0.20203119189392224,-0.4268193713996142,0.08763284283304602,0.6392150703216516
A,1,2.0,20,2.419844490783696,0.20149546216247086,-0.4154148206454627,0.0874004652535388,0.6375200522665044
A,2,0.5,18,2.015915464053909,0.16781925910914977,-2.6435991140907538,0.09084598649613525,0.2847381737308585
A,2,1.0,25,2.129193989424788,0.09790400923959122,-2.4708503221539666,0.08824248843588284,0.3044843275658994
A,2,2.0,27,2.3826202915328794,0.13111735721797124,-2.009722105353596,0.09568587741576343,0.44362764689971435
B,1,0.5,20,2.118650241252254,0.05537908110265066,-0.1577721792512134,0.03268148062753917,0.18313616803931182
B,1,1.0,20,2.1117798922212523,0.05393171840744171,-0.15247416623852045,0.03182733218479417,0.17834980372112844
B,1,2.0,20,2.1091264684667523,0.052743960786434806,-0.14788641767114016,0.031126387407303245,0.17442194188341578
B,2,0.5,20,2.2729455676660955,0.10813157693542488,-0.5439654112298413,0.07129329891899741,0.34706424251927126
B,2,1.0,20,2.301601679755881,0.11999863422306,-0.4999657215070655,0.07911748577055457,0.3851533129387819
B,2,2.0,20,2.3243173973109097,0.12534215277429003,-0.47797738430121633,0.08264057380967156,0.40230412374659863
