model,k,eta0,n_d,d_min,d_max,slope,slope_se,intercept,r2,predicted
A,1,0.5,4,16,128,2.6798868040249424,0.4131528117631662,-0.5809818550618395,0.954621540296557,2.0
A,1,1.0,4,16,128,2.6886039164488555,0.41403675549077507,-1.3135509896820707,0.9547176371104829,2.0
A,1,2.0,4,16,128,2.7051905688152793,0.4267004678169568,-2.0771727633641976,0.9525986754311903,2.0
A,2,0.5,4,16,48,3.152485489000896,0.1058171683653496,-0.1549082544794409,0.9977516778368688,3.0
A,2,1.0,6,16,96,3.470503132984298,0.6970886227240642,-1.7369709137777303,0.8610442369867567,3.0
A,2,2.0,6,16,96,3.561621823011992,0.804815992451554,-2.695590287585409,0.8303938151879598,3.0
B,1,0.5,4,16,128,1.966070580165348,0.06399976993480094,-0.6019053603082227,0.9978852005253014,1.5
B,1,1.0,4,16,128,1.972898883940982,0.05757511810319893,-1.324846089996397,0.9982996007144781,1.5
B,1,2.0,4,16,128,1.9796496856173191,0.0561039044884571,-2.049323808799853,0.9983962288007199,1.5
B,2,0.5,4,16,128,2.3128406545778346,0.18433329194838657,-1.5588393683206991,0.9874552060504169,2.0
B,2,1.0,4,16,128,2.3018290693296284,0.18317915027173018,-2.195914733448838,0.9874925219160136,2.0
B,2,2.0,4,16,128,2.3255301312877474,0.21602117812883306,-2.9782210316868944,0.9830352368862776,2.0
