model,k,eta0,d,n_seeds,n_reached05,n_reached09,T_med,T_q25,T_q75,Teta_med,m0_med
A,1,0.5,8,5,5,5,106.0,99.0,132.0,0.828125,0.3949009004611406
A,1,0.5,16,5,5,5,628.0,345.0,1632.0,1.2265625,0.341379450168141
A,1,0.5,32,5,5,5,12845.0,4274.0,25554.0,6.27197265625,0.0520822630582966
A,1,0.5,64,5,5,5,29046.0,24186.0,37212.0,3.545654296875,0.1470473608599059
A,1,0.5,128,5,5,5,233846.0,140332.0,392827.0,7.13641357421875,0.0383385608429303
A,1,1.0,8,5,5,5,55.0,49.0,67.0,0.859375,0.3949009004611406
A,1,1.0,16,5,5,5,308.0,170.0,814.0,1.203125,0.341379450168141
A,1,1.0,32,5,5,5,6379.0,2111.0,13182.0,6.2294921875,0.0520822630582966
A,1,1.0,64,5,5,5,14583.0,12078.0,18705.0,3.560302734375,0.1470473608599059
A,1,1.0,128,5,5,5,116597.0,70217.0,195296.0,7.11651611328125,0.0383385608429303
A,1,2.0,8,5,5,5,23.0,23.0,33.0,0.71875,0.3949009004611406
A,1,2.0,16,5,5,5,148.0,86.0,410.0,1.15625,0.341379450168141
A,1,2.0,32,5,5,5,3224.0,1035.0,6783.0,6.296875,0.0520822630582966
A,1,2.0,64,5,5,5,7268.0,6019.0,9389.0,3.548828125,0.1470473608599059
A,1,2.0,128,5,5,5,58488.0,34994.0,96288.0,7.1396484375,0.0383385608429303
A,2,0.5,8,5,5,5,649.0,257.0,4701.0,5.0703125,0.3106129536749053
A,2,0.5,16,5,5,5,5336.0,1952.0,478969.0,10.421875,0.2400978431126761
A,2,0.5,24,5,4,4,18239.0,1743.0,52913.0,15.832465277777777,0.1957286090362734
A,2,0.5,32,5,5,5,52566.0,23657.0,98296.0,25.6669921875,0.167421636402281
A,2,0.5,48,5,4,4,163717.0,125695.0,172041.0,35.52886284722222,0.1389696351112617
A,2,1.0,8,5,5,5,347.0,109.0,2914.0,5.421875,0.3106129536749053
A,2,1.0,16,5,5,5,2505.0,996.0,91509.0,9.78515625,0.2400978431126761
A,2,1.0,24,5,4,4,9152.0,894.0,27677.0,15.888888888888888,0.1957286090362734
A,2,1.0,32,5,5,5,27053.0,11438.0,45661.0,26.4189453125,0.167421636402281
A,2,1.0,48,5,4,4,82430.0,65796.0,86339.0,35.77690972222222,0.1389696351112617
A,2,1.0,64,5,3,3,1830461.0,701220.0,,446.889892578125,0.0556448689514518
A,2,1.0,96,5,3,3,476229.0,192914.0,,51.67415364583333,0.1166264171199208
A,2,1.0,128,5,1,1,,,,,0.0476235096158675
A,2,2.0,8,5,5,5,166.0,71.0,2165.0,5.1875,0.3106129536749053
A,2,2.0,16,5,5,5,1238.0,519.0,33388.0,9.671875,0.2400978431126761
A,2,2.0,24,5,5,5,4630.0,461.0,13535.0,16.07638888888889,0.1957286090362734
A,2,2.0,32,5,5,5,14049.0,5492.0,20778.0,27.439453125,0.167421636402281
A,2,2.0,48,5,4,4,39994.0,34246.0,43243.0,34.717013888888886,0.1389696351112617
A,2,2.0,64,5,3,3,1344725.0,353074.0,,656.60400390625,0.0556448689514518
A,2,2.0,96,5,3,3,242944.0,95449.0,,52.72222222222222,0.1166264171199208
A,2,2.0,128,5,2,2,,2403845.0,,,0.0476235096158675
B,1,0.5,8,5,5,5,6.0,1.0,8.0,0.046875,0.4250965692028833
B,1,0.5,16,5,5,5,137.0,136.0,138.0,0.267578125,0.0165897036318301
B,1,0.5,32,5,5,5,464.0,425.0,513.0,0.2265625,0.1009417976300763
B,1,0.5,64,5,5,5,1820.0,1807.0,1935.0,0.22216796875,0.1061331822778318
B,1,0.5,128,5,5,5,8160.0,7880.0,8480.0,0.2490234375,0.0493955434757754
B,1,1.0,8,5,5,5,3.0,1.0,5.0,0.046875,0.4250965692028833
B,1,1.0,16,5,5,5,67.0,67.0,69.0,0.26171875,0.0165897036318301
B,1,1.0,32,5,5,5,235.0,209.0,258.0,0.2294921875,0.1009417976300763
B,1,1.0,64,5,5,5,905.0,902.0,967.0,0.220947265625,0.1061331822778318
B,1,1.0,128,5,5,5,4079.0,3932.0,4244.0,0.24896240234375,0.0493955434757754
B,1,2.0,8,5,5,5,2.0,1.0,2.0,0.0625,0.4250965692028833
B,1,2.0,16,5,5,5,33.0,32.0,35.0,0.2578125,0.0165897036318301
B,1,2.0,32,5,5,5,117.0,103.0,132.0,0.228515625,0.1009417976300763
B,1,2.0,64,5,5,5,451.0,448.0,487.0,0.22021484375,0.1061331822778318
B,1,2.0,128,5,5,5,2040.0,1950.0,2115.0,0.2490234375,0.0493955434757754
B,2,0.5,8,5,5,5,19.0,12.0,49.0,0.1484375,0.3002582299535549
B,2,0.5,16,5,5,5,103.0,31.0,109.0,0.201171875,0.2531228732002125
B,2,0.5,32,5,5,5,833.0,615.0,837.0,0.40673828125,0.1064006443027389
B,2,0.5,64,5,5,5,3571.0,3348.0,6756.0,0.4359130859375,0.1020191725687008
B,2,0.5,128,5,5,5,13271.0,11824.0,18526.0,0.404998779296875,0.1149509346638655
B,2,1.0,8,5,5,5,7.0,5.0,16.0,0.109375,0.3002582299535549
B,2,1.0,16,5,5,5,53.0,16.0,56.0,0.20703125,0.2531228732002125
B,2,1.0,32,5,5,5,419.0,310.0,425.0,0.4091796875,0.1064006443027389
B,2,1.0,64,5,5,5,1830.0,1698.0,3284.0,0.44677734375,0.1020191725687008
B,2,1.0,128,5,5,5,6616.0,6053.0,9255.0,0.40380859375,0.1149509346638655
B,2,2.0,8,5,5,5,5.0,2.0,8.0,0.15625,0.3002582299535549
B,2,2.0,16,5,5,5,25.0,8.0,27.0,0.1953125,0.2531228732002125
B,2,2.0,32,5,5,5,214.0,153.0,226.0,0.41796875,0.1064006443027389
B,2,2.0,64,5,5,5,969.0,849.0,1562.0,0.47314453125,0.1020191725687008
B,2,2.0,128,5,5,5,3257.0,3044.0,4559.0,0.3975830078125,0.1149509346638655
