protocol,N,n,Gamma_at_T05_median,Gamma_at_T05_min,Gamma_at_T05_max,Gamma_star_0p5
free1,32,9,0.1843745896622959,0.1751058598983406,0.1895607670778702,0.3764705882352941
free1,128,24,0.2231767853318607,0.2078340271602098,0.2365936263254781,0.7071823204419889
free1,512,12,0.2417103742764092,0.2182423498110722,0.2496363571541754,0.9061946902654867
free1,2048,12,0.24230604757205784,0.223896837100972,0.2541067544829585,0.9747739171822941
free1,4096,12,0.24674028435491915,0.2285622809644346,0.2555967041097963,0.9872258375512172
free10,32,9,0.3242841606418666,0.1995633586334778,0.3891204961304354,0.3764705882352941
free10,128,10,0.5158890976574824,0.4860497118307361,0.5587775320422393,0.7071823204419889
free10,512,12,0.6320137631725793,0.5164286650347618,0.7284125403009855,0.9061946902654867
free10,4096,12,0.6985415498624838,0.5882042174514932,0.8807533488313322,0.9872258375512172
free1_B8ctl,128,11,0.2287923355055344,0.2095437151686641,0.2647090477895252,0.7071823204419889
