protocol,N,n_runs,n_censored,censored_m0_scale,a_tobit,b_tobit,b_se_obsinfo,b_se_boot,n_boot,b_boot_p16,b_boot_p84,sigma_tobit,kappa_tobit,kappa_ode,diff_tobit_minus_ode,diff_in_se,b_ols_reached,b_se_ols,kappa_ols_reached,diff_ols_minus_ode
tied,4096,12,0,-,-3.5614,-2.4421,0.1602,0.16071,500,-2.5819,-2.2691,0.21379,4.4421,4.15,0.29205,1.8231,-2.4421,0.17549,4.4421,0.29205
free10,4096,12,0,-,-2.9107,-3.1732,0.18881,0.21839,500,-3.3564,-2.9071,0.25197,5.1732,4.92,0.25317,1.3409,-3.1732,0.20683,5.1732,0.25317
tied,128,12,0,-,-3.2736,-2.2588,0.1754,0.24713,500,-2.5038,-1.985,0.23407,4.2588,4.15,0.10877,0.62016,-2.2588,0.19214,4.2588,0.10877
tied,512,12,0,-,-3.387,-2.3003,0.19036,0.16758,500,-2.4681,-2.156,0.25404,4.3003,4.15,0.1503,0.78955,-2.3003,0.20853,4.3003,0.1503
free1,4096,12,0,-,-1.5714,-2.9196,0.09424,0.11216,500,-3.0182,-2.8063,0.12577,4.9196,4.85,0.069561,0.73813,-2.9196,0.10323,4.9196,0.069561
tied,32,12,0,-,-3.07,-2.1005,0.27551,0.30048,500,-2.3924,-1.8434,0.36768,4.1005,4.18,-0.079488,-0.28851,-2.1005,0.30181,4.1005,-0.079488
free1,512,12,0,-,-1.338,-2.8096,0.098141,0.12794,500,-2.9356,-2.6703,0.13097,4.8096,4.99,-0.1804,-1.8382,-2.8096,0.10751,4.8096,-0.1804
free10,512,12,0,-,-2.4323,-2.9215,0.14224,0.18658,500,-3.095,-2.7667,0.18983,4.9215,5.32,-0.39848,-2.8014,-2.9215,0.15582,4.9215,-0.39848
free1,128,12,0,-,-2.5582,-3.5913,0.1795,0.24136,500,-3.7943,-3.3249,0.23954,5.5913,5.46,0.13133,0.73164,-3.5913,0.19663,5.5913,0.13133
free10,128,12,2,0.5,-5.0262,-4.6658,0.36815,0.49299,500,-5.191,-4.2143,0.47389,6.6658,6.18,0.48584,1.3197,-3.7831,0.11409,5.7831,-0.39691
free1,32,12,3,0.5,-2.9936,-4.0475,0.18003,0.2284,499,-4.2445,-3.8554,0.2139,6.0475,6.47,-0.42253,-2.3471,-3.4489,0.12017,5.4489,-1.0211
free10,32,12,3,0.5,-4.3731,-4.7315,0.18157,0.21338,499,-4.9603,-4.5377,0.18714,6.7315,7.02,-0.28851,-1.5889,-4.6115,0.25611,6.6115,-0.40849
