protocol,N,B,max_steps,n_runs,n_reached,n_censored,censored_by_m0,n_distinct_m0_used,b,b_se,kappa,kappa_se,b_cap,kappa_cap,median_logTeta_by_m0
free1,32,32,1000000,12,9,3,0.5:3,3,-3.448915968527786,0.12016827253898028,5.4489159685277855,0.12016827253898028,-3.916449022419549,5.916449022419549,0.5:nan(0/3); 0.7:175(3/3); 1:52.2(3/3); 1.4:16.4(3/3)
free1,128,32,1000000,12,12,0,-,4,-3.591325849993094,0.19662767132527958,5.591325849993094,0.19662767132527958,,,0.5:565(3/3); 0.7:113(3/3); 1:36(3/3); 1.4:13.2(3/3)
free1,512,8,300000,12,12,0,-,4,-2.8095973894138115,0.10750793235251448,4.8095973894138115,0.10750793235251448,,,0.5:254(3/3); 0.7:95.4(3/3); 1:33.1(3/3); 1.4:13.3(3/3)
free1,4096,8,300000,12,12,0,-,4,-2.9195611515073567,0.10323461330097382,4.919561151507357,0.10323461330097382,,,0.5:248(3/3); 0.7:93.8(3/3); 1:38.5(3/3); 1.4:11(3/3)
free10,32,32,1000000,12,9,3,0.5:3,3,-4.611507889683701,0.25610592833792795,6.611507889683701,0.25610592833792795,-4.502920727630607,6.502920727630607,0.5:nan(0/3); 0.7:200(3/3); 1:39.9(3/3); 1.4:9.85(3/3)
free10,128,32,1000000,12,10,2,0.5:2,4,-3.78308648160338,0.11409496891756697,5.78308648160338,0.11409496891756697,-4.534508182644614,6.534508182644614,0.5:nan(1/3); 0.7:81.6(3/3); 1:17.2(3/3); 1.4:5.58(3/3)
free10,512,8,300000,12,12,0,-,4,-2.921523714006027,0.15581766081264756,4.921523714006026,0.15581766081264756,,,0.5:97.3(3/3); 0.7:48.7(3/3); 1:15.3(3/3); 1.4:5.5(3/3)
free10,4096,8,200000,12,12,0,-,4,-3.173171916047167,0.20683021650572386,5.173171916047167,0.20683021650572386,,,0.5:128(3/3); 0.7:37.8(3/3); 1:15.8(3/3); 1.4:4.52(3/3)
free1_B8ctl,128,8,1000000,12,11,1,0.5:1,4,-3.377668030053556,0.2566136996218919,5.377668030053556,0.2566136996218919,-3.6249527163496125,5.624952716349613,0.5:nan(2/3); 0.7:103(3/3); 1:35.9(3/3); 1.4:12.9(3/3)
tied,32,32,1000000,12,12,0,-,4,-2.10051220761712,0.3018101216699507,4.10051220761712,0.3018101216699507,,,0.5:11.3(3/3); 0.7:2.69(3/3); 1:1.43(3/3); 1.4:1.03(3/3)
tied,128,32,1000000,12,12,0,-,4,-2.2587749393058396,0.192137648320717,4.258774939305839,0.192137648320717,,,0.5:9.24(3/3); 0.7:3.58(3/3); 1:1.73(3/3); 1.4:0.917(3/3)
tied,512,8,1000000,12,12,0,-,4,-2.3002958646828264,0.20852558680614028,4.300295864682827,0.20852558680614028,,,0.5:10.2(3/3); 0.7:2.93(3/3); 1:2.1(3/3); 1.4:0.805(3/3)
tied,4096,8,1000000,12,12,0,-,4,-2.4420524724658605,0.17548616024014094,4.4420524724658605,0.17548616024014094,,,0.5:11(3/3); 0.7:4.07(3/3); 1:2.1(3/3); 1.4:0.848(3/3)
