phase,protocol,model,k,N,B,d,eta0,eta,seed,gamma,gamma0,eta_gamma_mult,rho0,m0_scale,m0,max_steps,steps,T05,reached05,final_abs_m,max_abs_m,exceeded05,stuck,final_gamma,gamma_at_T05,cpu_s,wall_s,superseded
bctl,free1,A,2,128,8,32,1.0,0.0009765625,0,,0.01,1.0,,0.7,0.1237436867076458,1000000,105540,105540.0,True,0.5005371203268636,0.5005371203268636,True,False,0.2321380783336584,0.2321380783336584,11.889249480999998,12.049073457717896,False
bctl,free1,A,2,128,8,32,1.0,0.0009765625,1,,0.01,1.0,,0.7,0.1237436867076458,1000000,85448,85448.0,True,0.5022282976729611,0.5022282976729611,True,False,0.2281252685656266,0.2281252685656266,9.569259845,9.718511581420898,False
bctl,free1,A,2,128,8,32,1.0,0.0009765625,0,,0.01,1.0,,0.5,0.0883883476483184,1000000,418629,418629.0,True,0.5005963090955964,0.5005963090955964,True,False,0.2647090477895252,0.2647090477895252,45.600265953,45.88450908660889,False
bctl,free1,A,2,128,8,32,1.0,0.0009765625,2,,0.01,1.0,,0.5,0.0883883476483185,1000000,448004,448004.0,True,0.5000967903822349,0.5000967903822349,True,False,0.2287923355055344,0.2287923355055344,48.176493364,48.28267049789429,False
bctl,free1,A,2,128,8,32,1.0,0.0009765625,0,,0.01,1.0,,1.0,0.1767766952966369,1000000,45820,45820.0,True,0.5009863633016959,0.5009863633016959,True,False,0.2095437151686641,0.2095437151686641,5.240076625999997,5.271239995956421,False
bctl,free1,A,2,128,8,32,1.0,0.0009765625,1,,0.01,1.0,,1.0,0.1767766952966369,1000000,36752,36752.0,True,0.5030324697802,0.5030324697802,True,False,0.2318510453937593,0.2318510453937593,3.896832819000004,3.904416084289551,False
bctl,free1,A,2,128,8,32,1.0,0.0009765625,2,,0.01,1.0,,0.7,0.1237436867076458,1000000,279674,279674.0,True,0.5001430852685669,0.5001430852685669,True,False,0.2314258697184565,0.2314258697184565,30.805842129,31.122637510299683,False
bctl,free1,A,2,128,8,32,1.0,0.0009765625,0,,0.01,1.0,,1.4,0.2474873734152916,1000000,11673,11673.0,True,0.5000380246130536,0.5000380246130536,True,False,0.2179095785756437,0.2179095785756437,1.221714655999996,1.2359988689422607,False
bctl,free1,A,2,128,8,32,1.0,0.0009765625,1,,0.01,1.0,,1.4,0.2474873734152916,1000000,15672,15672.0,True,0.5000449094735804,0.5000449094735804,True,False,0.2101021481602265,0.2101021481602265,1.6947589509999972,1.7236177921295166,False
bctl,free1,A,2,128,8,32,1.0,0.0009765625,2,,0.01,1.0,,1.4,0.2474873734152916,1000000,13252,13252.0,True,0.5017499064597727,0.5017499064597727,True,False,0.2145566416413389,0.2145566416413389,1.412831877000002,1.4144387245178225,False
bctl,free1,A,2,128,8,32,1.0,0.0009765625,2,,0.01,1.0,,1.0,0.1767766952966369,1000000,36746,36746.0,True,0.5061073958074325,0.5061073958074325,True,False,0.2376867244146896,0.2376867244146896,4.0400128360000025,4.060859203338623,False
bctl,free1,A,2,128,8,32,1.0,0.0009765625,1,,0.01,1.0,,0.5,0.0883883476483184,1000000,1000000,,False,0.090467198686983,0.09199479953916,False,True,0.0336755153947629,,106.079767888,106.1944305896759,False
dscan,free1,A,2,2048,8,16,1.0,0.00390625,0,,0.01,1.0,,1.0,0.2499999999999999,1000000,2097,2097.0,True,0.5000563778014668,0.5000563778014668,True,False,0.249865571731169,0.249865571731169,1.260140491,1.2724575996398926,False
dscan,free1,A,2,2048,8,16,1.0,0.00390625,2,,0.01,1.0,,1.0,0.2499999999999997,1000000,2372,2372.0,True,0.5005203552071585,0.5005203552071585,True,False,0.22614368346901,0.22614368346901,1.470489148,1.481070041656494,False
dscan,free1,A,2,2048,8,16,1.0,0.00390625,1,,0.01,1.0,,1.0,0.2499999999999999,1000000,3606,3606.0,True,0.5001142164640923,0.5001142164640923,True,False,0.2257578755330194,0.2257578755330194,2.179321977,2.187553644180298,False
dscan,free1,A,2,2048,8,24,1.0,0.0017361111111111,0,,0.01,1.0,,1.0,0.2041241452319315,1000000,14876,14876.0,True,0.5015508255437976,0.5015508255437976,True,False,0.2351414798223735,0.2351414798223735,9.174242343,9.193410396575928,False
dscan,free1,A,2,2048,8,24,1.0,0.0017361111111111,2,,0.01,1.0,,1.0,0.2041241452319316,1000000,12588,12588.0,True,0.5004517080264981,0.5004517080264981,True,False,0.223896837100972,0.223896837100972,7.790448894999999,7.8000218868255615,False
dscan,free1,A,2,2048,8,24,1.0,0.0017361111111111,1,,0.01,1.0,,1.0,0.2041241452319314,1000000,14481,14481.0,True,0.5000023550950133,0.5000023550950133,True,False,0.2338717027893239,0.2338717027893239,8.795336233,8.827483892440796,False
dscan,free1,A,2,2048,8,32,1.0,0.0009765625,0,,0.01,1.0,,1.0,0.1767766952966369,1000000,32468,32468.0,True,0.5001354417724302,0.5001354417724302,True,False,0.2467245993713649,0.2467245993713649,19.339074563,19.45911383628845,False
dscan,free1,A,2,2048,8,32,1.0,0.0009765625,1,,0.01,1.0,,1.0,0.1767766952966369,1000000,30586,30586.0,True,0.5000326481529166,0.5000326481529166,True,False,0.2436972650777716,0.2436972650777716,17.976877069000004,17.990182638168335,False
dscan,free1,A,2,2048,8,32,1.0,0.0009765625,2,,0.01,1.0,,1.0,0.1767766952966369,1000000,32239,32239.0,True,0.5013597457047791,0.5013597457047791,True,False,0.2541067544829585,0.2541067544829585,19.374817863,19.46367049217224,False
dscan,free1,A,2,128,32,16,1.0,0.00390625,0,,0.01,1.0,,1.0,0.2499999999999999,1000000,3258,3258.0,True,0.5016228347878373,0.5016228347878373,True,False,0.2214165909409274,0.2214165909409274,0.7142153990000004,0.7169480323791504,False
dscan,free1,A,2,128,32,16,1.0,0.00390625,1,,0.01,1.0,,1.0,0.2499999999999999,1000000,3277,3277.0,True,0.501108479717496,0.501108479717496,True,False,0.2262206311037757,0.2262206311037757,0.693042093999999,0.7212917804718018,False
dscan,free1,A,2,128,32,16,1.0,0.00390625,2,,0.01,1.0,,1.0,0.2499999999999997,1000000,3418,3418.0,True,0.5004668083023448,0.5004668083023448,True,False,0.210286926985984,0.210286926985984,0.6962367010000001,0.7032110691070557,False
dscan,free1,A,2,128,32,24,1.0,0.0017361111111111,0,,0.01,1.0,,1.0,0.2041241452319315,1000000,15170,15170.0,True,0.5001268180775703,0.5001268180775703,True,False,0.2078340271602098,0.2078340271602098,3.1244193839999994,3.159968614578247,False
dscan,free1,A,2,128,32,24,1.0,0.0017361111111111,1,,0.01,1.0,,1.0,0.2041241452319314,1000000,12706,12706.0,True,0.5001243477824229,0.5001243477824229,True,False,0.2206113353439157,0.2206113353439157,2.642510309000002,2.678537607192993,False
dscan,free1,A,2,128,32,24,1.0,0.0017361111111111,2,,0.01,1.0,,1.0,0.2041241452319316,1000000,17390,17390.0,True,0.5000543246685965,0.5000543246685965,True,False,0.2213565945777199,0.2213565945777199,3.795210178000005,3.836268424987793,False
dscan,free1,A,2,128,32,32,1.0,0.0009765625,0,,0.01,1.0,,1.0,0.1767766952966369,1000000,36882,36882.0,True,0.5000545364281306,0.5000545364281306,True,False,0.220975352705313,0.220975352705313,7.8427759069999965,7.862238645553589,False
dscan,free1,A,2,128,32,32,1.0,0.0009765625,1,,0.01,1.0,,1.0,0.1767766952966369,1000000,40733,40733.0,True,0.5000557123653573,0.5000557123653573,True,False,0.2231767853318607,0.2231767853318607,9.191502592,9.23510241508484,False
dscan,free1,A,2,128,32,32,1.0,0.0009765625,2,,0.01,1.0,,1.0,0.1767766952966369,1000000,33986,33986.0,True,0.5001028166146106,0.5001028166146106,True,False,0.2302064077800809,0.2302064077800809,7.455428455000003,7.567190885543823,False
dscan,free1,A,2,128,32,48,1.0,0.0004340277777777,0,,0.01,1.0,,1.0,0.1443375672974064,1000000,156119,156119.0,True,0.5001060817054608,0.5001060817054608,True,False,0.2235767785187497,0.2235767785187497,33.285340421,33.36703586578369,False
dscan,free1,A,2,2048,8,48,1.0,0.0004340277777777,0,,0.01,1.0,,1.0,0.1443375672974064,1000000,151354,151354.0,True,0.5000308475572313,0.5000308475572313,True,False,0.2427711809322819,0.2427711809322819,92.826882353,93.39522194862366,False
dscan,free1,A,2,2048,8,48,1.0,0.0004340277777777,1,,0.01,1.0,,1.0,0.1443375672974064,1000000,144311,144311.0,True,0.500052881112535,0.500052881112535,True,False,0.2418409142118338,0.2418409142118338,87.172143528,87.36007380485535,False
dscan,free1,A,2,2048,8,48,1.0,0.0004340277777777,2,,0.01,1.0,,1.0,0.1443375672974063,1000000,148845,148845.0,True,0.5001116661912751,0.5001116661912751,True,False,0.2431531152311536,0.2431531152311536,89.783260134,90.0974006652832,False
dscan,free1,A,2,128,32,48,1.0,0.0004340277777777,1,,0.01,1.0,,1.0,0.1443375672974064,1000000,138670,138670.0,True,0.5000967415976479,0.5000967415976479,True,False,0.2195216694255908,0.2195216694255908,29.81479880100001,29.8751220703125,False
dscan,free1,A,2,128,32,48,1.0,0.0004340277777777,2,,0.01,1.0,,1.0,0.1443375672974063,1000000,162225,162225.0,True,0.5001828617602885,0.5001828617602885,True,False,0.2305763113575397,0.2305763113575397,34.707394908,34.73932123184204,False
kappa,tied,At,2,4096,8,32,1.0,0.0009765625,0,,,,0.01,0.7,0.1237436867076457,1000000,4164,4164.0,True,0.5084571901495725,0.5084571901495725,True,False,0.0114798219333014,0.0114798219333014,6.174581066,6.1921067237854,False
kappa,tied,At,2,4096,8,32,1.0,0.0009765625,1,,,,0.01,0.7,0.1237436867076458,1000000,2895,2895.0,True,0.5003483030477149,0.5003483030477149,True,False,0.0115282119206585,0.0115282119206585,4.348313609,4.363609552383423,False
kappa,tied,At,2,4096,8,32,1.0,0.0009765625,0,,,,0.01,0.5,0.0883883476483184,1000000,10324,10324.0,True,0.5006726487332515,0.5006726487332515,True,False,0.0114953265927369,0.0114953265927369,15.121930625,15.143970251083374,False
kappa,tied,At,2,4096,8,32,1.0,0.0009765625,2,,,,0.01,0.5,0.0883883476483184,1000000,11225,11225.0,True,0.5340696069346279,0.5340696069346279,True,False,0.0117511703101276,0.0117511703101276,16.611775675,16.785099029541016,False
kappa,tied,At,2,4096,8,32,1.0,0.0009765625,2,,,,0.01,0.7,0.1237436867076457,1000000,4714,4714.0,True,0.5000064803819315,0.5000064803819315,True,False,0.0112179514305108,0.0112179514305108,6.966820142,6.994505167007446,False
kappa,tied,At,2,4096,8,32,1.0,0.0009765625,0,,,,0.01,1.0,0.1767766952966369,1000000,2562,2562.0,True,0.500347177133002,0.500347177133002,True,False,0.0112522404364268,0.0112522404364268,3.829902523000001,3.850353956222534,False
kappa,tied,At,2,4096,8,32,1.0,0.0009765625,1,,,,0.01,1.0,0.1767766952966369,1000000,1879,1879.0,True,0.5012739291446277,0.5012739291446277,True,False,0.0115657320671483,0.0115657320671483,2.774582672000001,2.786529779434204,False
kappa,tied,At,2,4096,8,32,1.0,0.0009765625,0,,,,0.01,1.4,0.2474873734152916,1000000,868,868.0,True,0.5131037250654298,0.5131037250654298,True,False,0.0114980177030772,0.0114980177030772,1.233204592,1.2517058849334717,False
kappa,tied,At,2,4096,8,32,1.0,0.0009765625,2,,,,0.01,1.0,0.1767766952966368,1000000,2155,2155.0,True,0.50140901245439,0.50140901245439,True,False,0.0114196338153537,0.0114196338153537,3.0508593879999992,3.070089101791382,False
kappa,tied,At,2,4096,8,32,1.0,0.0009765625,1,,,,0.01,1.4,0.2474873734152916,1000000,763,763.0,True,0.5003950483117103,0.5003950483117103,True,False,0.011274356272175,0.011274356272175,1.0801198750000012,1.1562533378601074,False
kappa,tied,At,2,4096,8,32,1.0,0.0009765625,2,,,,0.01,1.4,0.2474873734152917,1000000,1073,1073.0,True,0.5026776573123195,0.5026776573123195,True,False,0.0112443187321735,0.0112443187321735,1.6117040660000015,1.620873212814331,False
kappa,tied,At,2,4096,8,32,1.0,0.0009765625,1,,,,0.01,0.5,0.0883883476483184,1000000,15879,15879.0,True,0.5002426441690533,0.5002426441690533,True,False,0.0113843917157863,0.0113843917157863,23.12662504,23.24202871322632,False
kappa,free10,A,2,4096,8,32,1.0,0.0009765625,0,,0.01,10.0,,0.7,0.1237436867076458,200000,45212,45212.0,True,0.5010199039230502,0.5010199039230502,True,False,0.722228923523309,0.722228923523309,66.57923216,68.58280324935913,False
kappa,free10,A,2,4096,8,32,1.0,0.0009765625,0,,0.01,10.0,,0.5,0.0883883476483184,200000,75209,75209.0,True,0.5008327394320641,0.5008327394320641,True,False,0.6511271737194948,0.6511271737194948,110.449361611,111.44030022621156,False
kappa,free10,A,2,4096,8,32,1.0,0.0009765625,1,,0.01,10.0,,0.7,0.1237436867076458,200000,38666,38666.0,True,0.5007186038640118,0.5007186038640118,True,False,0.7456316413696384,0.7456316413696384,56.589244804,56.8702552318573,False
kappa,free10,A,2,4096,8,32,1.0,0.0009765625,0,,0.01,10.0,,1.0,0.1767766952966369,200000,10036,10036.0,True,0.5020045854145803,0.5020045854145803,True,False,0.6296848664216748,0.6296848664216748,14.171359776999992,14.341758012771606,False
kappa,free10,A,2,4096,8,32,1.0,0.0009765625,2,,0.01,10.0,,0.7,0.1237436867076458,200000,36700,36700.0,True,0.5000549305413502,0.5000549305413502,True,False,0.7628450874724841,0.7628450874724841,52.78643957600002,52.84104204177856,False
kappa,free10,A,2,4096,8,32,1.0,0.0009765625,1,,0.01,10.0,,1.0,0.1767766952966369,200000,18337,18337.0,True,0.5002219647232025,0.5002219647232025,True,False,0.5898425730264405,0.5898425730264405,26.440299286999988,26.64329409599304,False
kappa,free10,A,2,4096,8,32,1.0,0.0009765625,0,,0.01,10.0,,1.4,0.2474873734152916,200000,4625,4625.0,True,0.501756916959583,0.501756916959583,True,False,0.5882042174514932,0.5882042174514932,6.599294659000009,6.63865852355957,False
kappa,free10,A,2,4096,8,32,1.0,0.0009765625,1,,0.01,10.0,,1.4,0.2474873734152916,200000,5290,5290.0,True,0.5005913358754106,0.5005913358754106,True,False,0.6915583796162739,0.6915583796162739,7.771611319999977,7.776632785797119,False
kappa,free10,A,2,4096,8,32,1.0,0.0009765625,2,,0.01,10.0,,1.0,0.1767766952966369,200000,16131,16131.0,True,0.5003290162690359,0.5003290162690359,True,False,0.5895915411688708,0.5895915411688708,23.384716389999998,23.47463059425354,False
kappa,free10,A,2,4096,8,32,1.0,0.0009765625,2,,0.01,10.0,,1.4,0.2474873734152916,200000,3972,3972.0,True,0.5159236203077164,0.5159236203077164,True,False,0.8807533488313322,0.8807533488313322,5.9185129489999895,5.977509498596191,False
kappa,tied,At,2,128,32,32,1.0,0.0009765625,0,,,,0.01,0.5,0.0883883476483184,1000000,9464,9464.0,True,0.5012514341506463,0.5012514341506463,True,False,0.0112063394002145,0.0112063394002145,2.13656782999999,2.217787504196167,False
kappa,tied,At,2,128,32,32,1.0,0.0009765625,2,,,,0.01,0.5,0.0883883476483184,1000000,6961,6961.0,True,0.5040061880394785,0.5040061880394785,True,False,0.0114587267843036,0.0114587267843036,1.4743800159999978,1.4937536716461182,False
kappa,tied,At,2,128,32,32,1.0,0.0009765625,0,,,,0.01,0.7,0.1237436867076457,1000000,3670,3670.0,True,0.500379535953652,0.500379535953652,True,False,0.0114074689192273,0.0114074689192273,0.8127611359999776,0.8214964866638184,False
kappa,tied,At,2,128,32,32,1.0,0.0009765625,1,,,,0.01,0.7,0.1237436867076458,1000000,3534,3534.0,True,0.5000755391759323,0.5000755391759323,True,False,0.012022175949197,0.012022175949197,0.7903320650000012,0.791816234588623,False
kappa,tied,At,2,128,32,32,1.0,0.0009765625,1,,,,0.01,0.5,0.0883883476483184,1000000,17541,17541.0,True,0.5000327397195713,0.5000327397195713,True,False,0.011264321898352,0.011264321898352,3.8116526950000207,3.817000389099121,False
kappa,tied,At,2,128,32,32,1.0,0.0009765625,0,,,,0.01,1.0,0.1767766952966369,1000000,1773,1773.0,True,0.5012397053784248,0.5012397053784248,True,False,0.0115184980467578,0.0115184980467578,0.3762021050000044,0.3799641132354736,False
kappa,tied,At,2,128,32,32,1.0,0.0009765625,2,,,,0.01,0.7,0.1237436867076457,1000000,3929,3929.0,True,0.5007015735202547,0.5007015735202547,True,False,0.0114598297824346,0.0114598297824346,0.867245214999997,0.8743290901184082,False
kappa,tied,At,2,128,32,32,1.0,0.0009765625,1,,,,0.01,1.0,0.1767766952966369,1000000,2091,2091.0,True,0.5017874730579076,0.5017874730579076,True,False,0.0111775010422701,0.0111775010422701,0.4486126219999846,0.4527087211608886,False
kappa,tied,At,2,128,32,32,1.0,0.0009765625,0,,,,0.01,1.4,0.2474873734152916,1000000,939,939.0,True,0.5001815979449838,0.5001815979449838,True,False,0.0110976030849644,0.0110976030849644,0.2000820680000004,0.2044541835784912,False
kappa,tied,At,2,128,32,32,1.0,0.0009765625,2,,,,0.01,1.0,0.1767766952966368,1000000,1749,1749.0,True,0.5031097562915436,0.5031097562915436,True,False,0.0110404860883443,0.0110404860883443,0.3790468429999976,0.380805492401123,False
kappa,free10,A,2,4096,8,32,1.0,0.0009765625,2,,0.01,10.0,,0.5,0.0883883476483185,200000,131174,131174.0,True,0.500040649467528,0.500040649467528,True,False,0.7113513505363322,0.7113513505363322,190.242750547,193.18240666389465,False
kappa,tied,At,2,128,32,32,1.0,0.0009765625,2,,,,0.01,1.4,0.2474873734152917,1000000,873,873.0,True,0.5006423401224731,0.5006423401224731,True,False,0.0112369825972768,0.0112369825972768,0.193427397999983,0.1947979927062988,False
kappa,tied,At,2,128,32,32,1.0,0.0009765625,1,,,,0.01,1.4,0.2474873734152916,1000000,1163,1163.0,True,0.5019636301736652,0.5019636301736652,True,False,0.0113013598437808,0.0113013598437808,0.246562296999997,0.2508852481842041,False
kappa,tied,At,2,512,8,32,1.0,0.0009765625,0,,,,0.01,0.5,0.0883883476483184,1000000,7418,7418.0,True,0.5392165664565814,0.5392165664565814,True,False,0.012525417407697,0.012525417407697,1.5814903149999964,1.583446025848389,False
kappa,tied,At,2,512,8,32,1.0,0.0009765625,2,,,,0.01,0.5,0.0883883476483184,1000000,10491,10491.0,True,0.5009582908807145,0.5009582908807145,True,False,0.012114087005614,0.012114087005614,2.3143292919999965,2.352988004684448,False
kappa,tied,At,2,512,8,32,1.0,0.0009765625,1,,,,0.01,0.5,0.0883883476483184,1000000,12164,12164.0,True,0.5002358524770701,0.5002358524770701,True,False,0.0114362443780622,0.0114362443780622,2.7586650739999925,2.7626187801361084,False
kappa,tied,At,2,512,8,32,1.0,0.0009765625,0,,,,0.01,0.7,0.1237436867076457,1000000,6432,6432.0,True,0.5000668919310564,0.5000668919310564,True,False,0.01156683461178,0.01156683461178,1.360544472999976,1.3657605648040771,False
kappa,tied,At,2,512,8,32,1.0,0.0009765625,1,,,,0.01,0.7,0.1237436867076458,1000000,3003,3003.0,True,0.5001457932952154,0.5001457932952154,True,False,0.0115508742280713,0.0115508742280713,0.6400228489999904,0.6463954448699951,False
kappa,tied,At,2,512,8,32,1.0,0.0009765625,0,,,,0.01,1.0,0.1767766952966369,1000000,1462,1462.0,True,0.5018544466784429,0.5018544466784429,True,False,0.0111825430121325,0.0111825430121325,0.3071007849999887,0.3084917068481445,False
kappa,tied,At,2,512,8,32,1.0,0.0009765625,2,,,,0.01,0.7,0.1237436867076457,1000000,2769,2769.0,True,0.5025113499264853,0.5025113499264853,True,False,0.0114306527699572,0.0114306527699572,0.6125644880000038,0.6167271137237549,False
kappa,tied,At,2,512,8,32,1.0,0.0009765625,1,,,,0.01,1.0,0.1767766952966369,1000000,2152,2152.0,True,0.5004287937552143,0.5004287937552143,True,False,0.0114294618046158,0.0114294618046158,0.4518671239999889,0.456796646118164,False
kappa,tied,At,2,512,8,32,1.0,0.0009765625,0,,,,0.01,1.4,0.2474873734152916,1000000,1016,1016.0,True,0.602490032087228,0.602490032087228,True,False,0.0128794349803365,0.0128794349803365,0.2187575949999995,0.220350980758667,False
kappa,tied,At,2,512,8,32,1.0,0.0009765625,2,,,,0.01,1.0,0.1767766952966368,1000000,2292,2292.0,True,0.5116514817241868,0.5116514817241868,True,False,0.0115915698135308,0.0115915698135308,0.4834020069999951,0.484813928604126,False
kappa,tied,At,2,512,8,32,1.0,0.0009765625,1,,,,0.01,1.4,0.2474873734152916,1000000,792,792.0,True,0.5002569461620266,0.5002569461620266,True,False,0.0112787827465313,0.0112787827465313,0.1660082880000004,0.1677815914154052,False
kappa,tied,At,2,512,8,32,1.0,0.0009765625,2,,,,0.01,1.4,0.2474873734152917,1000000,824,824.0,True,0.5018468463207463,0.5018468463207463,True,False,0.0113337701494854,0.0113337701494854,0.1794405309999831,0.1846282482147216,False
kappa,free10,A,2,4096,8,32,1.0,0.0009765625,1,,0.01,10.0,,0.5,0.0883883476483184,200000,198906,198906.0,True,0.5007061782875271,0.5007061782875271,True,False,0.7055247201086938,0.7055247201086938,287.371675213,289.2518928050995,False
kappa,free1,A,2,4096,8,32,1.0,0.0009765625,2,,0.01,1.0,,0.5,0.0883883476483185,120000,120000,,False,0.0965464085985007,0.0966078054626771,False,True,0.0196715846349473,,172.01457274599997,172.76901483535767,True
kappa,free1,A,2,4096,8,32,1.0,0.0009765625,1,,0.01,1.0,,0.5,0.0883883476483184,120000,120000,,False,0.0941640313438877,0.0941825947444331,False,True,0.0119336192054982,,174.614973409,174.8385365009308,True
kappa,free1,A,2,4096,8,32,1.0,0.0009765625,0,,0.01,1.0,,0.5,0.0883883476483184,120000,120000,,False,0.107237698812171,0.1072779751554128,False,True,0.0372092099610887,,173.30861752299998,174.96619606018066,True
kappa,free1,A,2,4096,8,32,1.0,0.0009765625,0,,0.01,1.0,,1.0,0.1767766952966369,120000,29735,29735.0,True,0.5000906266747983,0.5000906266747983,True,False,0.2458013269473758,0.2458013269473758,43.23658688500001,43.29294466972351,False
kappa,free1,A,2,4096,8,32,1.0,0.0009765625,0,,0.01,1.0,,0.7,0.1237436867076458,120000,96032,96032.0,True,0.5000048077579733,0.5000048077579733,True,False,0.2524096448864195,0.2524096448864195,139.38090286700003,139.9492063522339,False
kappa,free1,A,2,4096,8,32,1.0,0.0009765625,1,,0.01,1.0,,1.0,0.1767766952966369,120000,39473,39473.0,True,0.501467213560345,0.501467213560345,True,False,0.2476792417624625,0.2476792417624625,56.45582549400001,56.57867193222046,False
kappa,free1,A,2,4096,8,32,1.0,0.0009765625,2,,0.01,1.0,,1.0,0.1767766952966369,120000,40165,40165.0,True,0.500349425615428,0.500349425615428,True,False,0.240215995836022,0.240215995836022,57.37108879499999,57.62207078933716,False
kappa,free1,A,2,4096,8,32,1.0,0.0009765625,0,,0.01,1.0,,1.4,0.2474873734152916,120000,11110,11110.0,True,0.5000008721772793,0.5000008721772793,True,False,0.2364057346624474,0.2364057346624474,16.195078896999973,16.21934413909912,False
kappa,free1,A,2,4096,8,32,1.0,0.0009765625,2,,0.01,1.0,,1.4,0.2474873734152916,120000,11269,11269.0,True,0.5001876943191899,0.5001876943191899,True,False,0.2294844664423389,0.2294844664423389,16.340171384999962,16.50742530822754,False
kappa,tied,At,2,32,32,32,1.0,0.0009765625,0,,,,0.01,0.5,0.0883883476483184,1000000,5009,5009.0,True,0.5006753248858622,0.5006753248858622,True,False,0.0118552740851338,0.0118552740851338,0.6285451329999887,0.6337265968322754,False
kappa,free1,A,2,4096,8,32,1.0,0.0009765625,1,,0.01,1.0,,1.4,0.2474873734152916,120000,13455,13455.0,True,0.5000654584144281,0.5000654584144281,True,False,0.2285622809644346,0.2285622809644346,19.64396175799993,19.785818099975582,False
kappa,free1,A,2,4096,8,32,1.0,0.0009765625,1,,0.01,1.0,,0.7,0.1237436867076458,120000,93000,93000.0,True,0.5000793444727745,0.5000793444727745,True,False,0.2525913626801354,0.2525913626801354,135.53352193600006,136.41137170791626,False
kappa,tied,At,2,32,32,32,1.0,0.0009765625,1,,,,0.01,0.5,0.0883883476483184,1000000,11595,11595.0,True,0.5027140915748085,0.5027140915748085,True,False,0.0115428514474431,0.0115428514474431,1.436302015000024,1.438429832458496,False
kappa,tied,At,2,32,32,32,1.0,0.0009765625,1,,,,0.01,0.7,0.1237436867076458,1000000,2356,2356.0,True,0.5038333233719936,0.5038333233719936,True,False,0.0116137408888638,0.0116137408888638,0.2936181139999689,0.2965471744537353,False
kappa,tied,At,2,32,32,32,1.0,0.0009765625,0,,,,0.01,0.7,0.1237436867076457,1000000,6076,6076.0,True,0.5004453782346713,0.5004453782346713,True,False,0.0116361934770573,0.0116361934770573,0.7401525630000378,0.7422664165496826,False
kappa,tied,At,2,32,32,32,1.0,0.0009765625,2,,,,0.01,0.5,0.0883883476483184,1000000,12188,12188.0,True,0.5005436042199966,0.5005436042199966,True,False,0.0119106936727497,0.0119106936727497,1.573925370999973,1.5874137878417969,False
kappa,tied,At,2,32,32,32,1.0,0.0009765625,2,,,,0.01,0.7,0.1237436867076457,1000000,2757,2757.0,True,0.5000508917036055,0.5000508917036055,True,False,0.0117618272074431,0.0117618272074431,0.3384707530000241,0.3409411907196045,False
kappa,tied,At,2,32,32,32,1.0,0.0009765625,1,,,,0.01,1.0,0.1767766952966369,1000000,1465,1465.0,True,0.5002502962490378,0.5002502962490378,True,False,0.0112791589985473,0.0112791589985473,0.1756668149999996,0.1776003837585449,False
kappa,tied,At,2,32,32,32,1.0,0.0009765625,0,,,,0.01,1.0,0.1767766952966369,1000000,2306,2306.0,True,0.5000370495036552,0.5000370495036552,True,False,0.0112858307607571,0.0112858307607571,0.2852802259999407,0.2873661518096924,False
kappa,tied,At,2,32,32,32,1.0,0.0009765625,2,,,,0.01,1.0,0.1767766952966368,1000000,1026,1026.0,True,0.5002539087222813,0.5002539087222813,True,False,0.0125810214815244,0.0125810214815244,0.1310989879999624,0.1329221725463867,False
kappa,tied,At,2,32,32,32,1.0,0.0009765625,0,,,,0.01,1.4,0.2474873734152916,1000000,982,982.0,True,0.509549823073427,0.509549823073427,True,False,0.0115724039070486,0.0115724039070486,0.1187721100000089,0.1204981803894043,False
kappa,tied,At,2,32,32,32,1.0,0.0009765625,1,,,,0.01,1.4,0.2474873734152916,1000000,1104,1104.0,True,0.500002939367769,0.500002939367769,True,False,0.0112417908212625,0.0112417908212625,0.1425379329999714,0.1450834274291992,False
kappa,tied,At,2,32,32,32,1.0,0.0009765625,2,,,,0.01,1.4,0.2474873734152917,1000000,1059,1059.0,True,0.5191403399902661,0.5191403399902661,True,False,0.011044201190494,0.011044201190494,0.1292564379999703,0.1313545703887939,False
kappa,free1,A,2,4096,8,32,1.0,0.0009765625,2,,0.01,1.0,,0.7,0.1237436867076458,120000,97450,97450.0,True,0.5007066572813541,0.5007066572813541,True,False,0.2438430966600183,0.2438430966600183,140.84187453399994,141.6661515235901,False
kappa,free1,A,2,512,8,32,1.0,0.0009765625,0,,0.01,1.0,,0.7,0.1237436867076458,300000,110838,110838.0,True,0.5024482821789241,0.5024482821789241,True,False,0.2491706926388707,0.2491706926388707,22.86571624800001,22.89402794837952,False
kappa,free1,A,2,512,8,32,1.0,0.0009765625,0,,0.01,1.0,,0.5,0.0883883476483184,300000,175302,175302.0,True,0.5010916995506413,0.5010916995506413,True,False,0.242161879049815,0.242161879049815,35.71239630700006,35.80618190765381,False
kappa,free1,A,2,512,8,32,1.0,0.0009765625,1,,0.01,1.0,,0.7,0.1237436867076458,300000,97678,97678.0,True,0.5003688206145572,0.5003688206145572,True,False,0.2412588695030034,0.2412588695030034,20.383175866999977,20.465837955474854,False
kappa,free1,A,2,512,8,32,1.0,0.0009765625,2,,0.01,1.0,,0.5,0.0883883476483185,300000,259763,259763.0,True,0.5005670621965331,0.5005670621965331,True,False,0.2409240669844918,0.2409240669844918,52.99121484400007,53.07783222198486,False
kappa,free1,A,2,512,8,32,1.0,0.0009765625,2,,0.01,1.0,,0.7,0.1237436867076458,300000,95602,95602.0,True,0.5020192271799988,0.5020192271799988,True,False,0.2451479718928469,0.2451479718928469,20.069765120000056,20.158785104751587,False
kappa,free1,A,2,512,8,32,1.0,0.0009765625,0,,0.01,1.0,,1.0,0.1767766952966369,300000,40558,40558.0,True,0.5004583306793415,0.5004583306793415,True,False,0.2286969271451092,0.2286969271451092,8.389974424999991,8.399028062820435,False
kappa,free1,A,2,512,8,32,1.0,0.0009765625,1,,0.01,1.0,,0.5,0.0883883476483184,300000,279346,279346.0,True,0.5002576003980375,0.5002576003980375,True,False,0.2496363571541754,0.2496363571541754,57.593609647,58.34208416938782,False
kappa,free1,A,2,512,8,32,1.0,0.0009765625,1,,0.01,1.0,,1.0,0.1767766952966369,300000,33915,33915.0,True,0.5005583361792216,0.5005583361792216,True,False,0.2495462147291749,0.2495462147291749,6.800667583000063,6.809993505477905,False
kappa,free1,A,2,512,8,32,1.0,0.0009765625,0,,0.01,1.0,,1.4,0.2474873734152916,300000,11664,11664.0,True,0.5001625872983204,0.5001625872983204,True,False,0.2231011363035209,0.2231011363035209,2.478200929000081,2.499501466751098,False
kappa,free1,A,2,512,8,32,1.0,0.0009765625,1,,0.01,1.0,,1.4,0.2474873734152916,300000,13615,13615.0,True,0.5000464297413608,0.5000464297413608,True,False,0.2182423498110722,0.2182423498110722,2.862850825999999,2.865762948989868,False
kappa,free1,A,2,512,8,32,1.0,0.0009765625,2,,0.01,1.0,,1.4,0.2474873734152916,300000,14129,14129.0,True,0.5007451153821392,0.5007451153821392,True,False,0.2262340845210864,0.2262340845210864,2.833959348000008,2.838934421539306,False
kappa,free1,A,2,512,8,32,1.0,0.0009765625,2,,0.01,1.0,,1.0,0.1767766952966369,300000,33588,33588.0,True,0.5000727348381329,0.5000727348381329,True,False,0.2457332879740621,0.2457332879740621,7.003489292999916,7.043583393096924,False
kappa,free10,A,2,512,8,32,1.0,0.0009765625,0,,0.01,10.0,,0.7,0.1237436867076458,300000,46805,46805.0,True,0.5011924492754097,0.5011924492754097,True,False,0.6354596769841928,0.6354596769841928,9.556330328000058,9.5861074924469,False
kappa,free10,A,2,512,8,32,1.0,0.0009765625,0,,0.01,10.0,,0.5,0.0883883476483184,300000,77688,77688.0,True,0.502544803559423,0.502544803559423,True,False,0.6839525945637338,0.6839525945637338,15.852099897000016,15.919256687164308,False
kappa,free10,A,2,512,8,32,1.0,0.0009765625,2,,0.01,10.0,,0.5,0.0883883476483185,300000,99623,99623.0,True,0.5001915791154121,0.5001915791154121,True,False,0.6285678493609658,0.6285678493609658,20.368657519000067,20.491586923599243,False
kappa,free10,A,2,512,8,32,1.0,0.0009765625,1,,0.01,10.0,,0.7,0.1237436867076458,300000,52627,52627.0,True,0.5019098648425897,0.5019098648425897,True,False,0.7284125403009855,0.7284125403009855,10.703094791000012,10.741723775863647,False
kappa,free10,A,2,512,8,32,1.0,0.0009765625,1,,0.01,10.0,,0.5,0.0883883476483184,300000,106513,106513.0,True,0.500117250474314,0.500117250474314,True,False,0.6756543045442402,0.6756543045442402,22.045546303999917,22.09235143661499,False
kappa,free10,A,2,512,8,32,1.0,0.0009765625,0,,0.01,10.0,,1.0,0.1767766952966369,300000,11183,11183.0,True,0.5006894233313609,0.5006894233313609,True,False,0.5164286650347618,0.5164286650347618,2.3088474479999377,2.313167095184326,False
kappa,free10,A,2,512,8,32,1.0,0.0009765625,0,,0.01,10.0,,1.4,0.2474873734152916,300000,3916,3916.0,True,0.5002349543438186,0.5002349543438186,True,False,0.534827220437569,0.534827220437569,0.8004233520000525,0.8024415969848633,False
kappa,free10,A,2,512,8,32,1.0,0.0009765625,1,,0.01,10.0,,1.0,0.1767766952966369,300000,15902,15902.0,True,0.50015397908453,0.50015397908453,True,False,0.6376974311789508,0.6376974311789508,3.247629283999913,3.277413845062256,False
kappa,free10,A,2,512,8,32,1.0,0.0009765625,2,,0.01,10.0,,1.0,0.1767766952966369,300000,15664,15664.0,True,0.500522734447831,0.500522734447831,True,False,0.5807412337411629,0.5807412337411629,3.239381793000007,3.2481579780578613,False
kappa,free10,A,2,512,8,32,1.0,0.0009765625,2,,0.01,10.0,,0.7,0.1237436867076458,300000,49873,49873.0,True,0.5010572089682285,0.5010572089682285,True,False,0.6784172068922112,0.6784172068922112,10.557631174999983,10.646867036819458,False
kappa,free10,A,2,512,8,32,1.0,0.0009765625,1,,0.01,10.0,,1.4,0.2474873734152916,300000,5662,5662.0,True,0.502428067023055,0.502428067023055,True,False,0.5740848702423057,0.5740848702423057,1.1678842000000031,1.1718735694885254,False
kappa,free10,A,2,512,8,32,1.0,0.0009765625,2,,0.01,10.0,,1.4,0.2474873734152916,300000,5630,5630.0,True,0.5000578748800762,0.5000578748800762,True,False,0.6180324303219554,0.6180324303219554,1.1438163359999862,1.1746611595153809,False
kappa,free1,A,2,128,32,32,1.0,0.0009765625,0,,0.01,1.0,,0.7,0.1237436867076458,200000,107634,107634.0,True,0.5016727622219382,0.5016727622219382,True,False,0.2251863688524242,0.2251863688524242,22.101384394999968,22.124035120010376,False
kappa,free1,A,2,128,32,32,1.0,0.0009765625,0,,0.01,1.0,,0.5,0.0883883476483184,200000,200000,,False,0.1018262377263342,0.1019091183912025,False,True,0.0144057222029979,,40.83577047799997,41.12490344047546,True
kappa,free1,A,2,128,32,32,1.0,0.0009765625,1,,0.01,1.0,,0.5,0.0883883476483184,200000,200000,,False,0.1080004757692546,0.1080142267845294,False,True,0.013637431159104,,41.93053229099996,42.01367449760437,True
kappa,free1,A,2,128,32,32,1.0,0.0009765625,2,,0.01,1.0,,0.5,0.0883883476483185,200000,200000,,False,0.0859996836179122,0.0895479475004839,False,True,0.0030793490859656,,41.80592015999992,41.93084788322449,True
kappa,free1,A,2,128,32,32,1.0,0.0009765625,1,,0.01,1.0,,0.7,0.1237436867076458,200000,130017,130017.0,True,0.5019651073151645,0.5019651073151645,True,False,0.2324604869424401,0.2324604869424401,26.999613720999943,27.123537063598636,False
kappa,free1,A,2,128,32,32,1.0,0.0009765625,0,,0.01,1.0,,1.0,0.1767766952966369,200000,36882,36882.0,True,0.5000545364281306,0.5000545364281306,True,False,0.220975352705313,0.220975352705313,8.175666589999992,8.229606866836548,False
kappa,free1,A,2,128,32,32,1.0,0.0009765625,1,,0.01,1.0,,1.0,0.1767766952966369,200000,40733,40733.0,True,0.5000557123653573,0.5000557123653573,True,False,0.2231767853318607,0.2231767853318607,8.503252042999975,8.51029109954834,False
kappa,free1,A,2,128,32,32,1.0,0.0009765625,0,,0.01,1.0,,1.4,0.2474873734152916,200000,13124,13124.0,True,0.5002190501026405,0.5002190501026405,True,False,0.2175389555367268,0.2175389555367268,2.822097332999988,2.869268655776977,False
kappa,free1,A,2,128,32,32,1.0,0.0009765625,1,,0.01,1.0,,1.4,0.2474873734152916,200000,13516,13516.0,True,0.500166114914116,0.500166114914116,True,False,0.2097029329296174,0.2097029329296174,2.7090653299999303,2.710759162902832,False
kappa,free1,A,2,128,32,32,1.0,0.0009765625,2,,0.01,1.0,,1.4,0.2474873734152916,200000,13682,13682.0,True,0.5002425478439774,0.5002425478439774,True,False,0.2115686239181842,0.2115686239181842,3.0038588470000605,3.04253888130188,False
kappa,free1,A,2,128,32,32,1.0,0.0009765625,2,,0.01,1.0,,1.0,0.1767766952966369,200000,33986,33986.0,True,0.5001028166146106,0.5001028166146106,True,False,0.2302064077800809,0.2302064077800809,7.171103536000032,7.176556348800659,False
kappa,free1,A,2,128,32,32,1.0,0.0009765625,2,,0.01,1.0,,0.7,0.1237436867076458,200000,115305,115305.0,True,0.5001002897621468,0.5001002897621468,True,False,0.2232878950062874,0.2232878950062874,24.498305624000068,24.621383905410767,False
kappa,free10,A,2,128,32,32,1.0,0.0009765625,0,,0.01,10.0,,0.7,0.1237436867076458,200000,69730,69730.0,True,0.5001965395317639,0.5001965395317639,True,False,0.5395132626149275,0.5395132626149275,14.91694032700002,15.114507913589478,False
kappa,free10,A,2,128,32,32,1.0,0.0009765625,0,,0.01,10.0,,0.5,0.0883883476483184,200000,200000,,False,0.0968819455169651,0.0981118573808226,False,True,0.0309358458395816,,42.2605558649999,42.30146932601929,True
kappa,free10,A,2,128,32,32,1.0,0.0009765625,1,,0.01,10.0,,0.5,0.0883883476483184,200000,200000,,False,0.1181975897596491,0.1186363332021923,False,True,0.0153845217029084,,42.05520063999995,42.29702687263489,True
kappa,free10,A,2,128,32,32,1.0,0.0009765625,2,,0.01,10.0,,0.5,0.0883883476483185,200000,200000,,False,0.0764799034217975,0.0894328624977977,False,True,0.0187583089326741,,42.24211582300006,42.29520392417908,True
kappa,free10,A,2,128,32,32,1.0,0.0009765625,1,,0.01,10.0,,0.7,0.1237436867076458,200000,88285,88285.0,True,0.5004591705044734,0.5004591705044734,True,False,0.5295575911420545,0.5295575911420545,18.969512826000027,19.228775024414062,False
kappa,free10,A,2,128,32,32,1.0,0.0009765625,0,,0.01,10.0,,1.0,0.1767766952966369,200000,17619,17619.0,True,0.5000504547186583,0.5000504547186583,True,False,0.4920651369080279,0.4920651369080279,3.6676568610000686,3.673997402191162,False
kappa,free10,A,2,128,32,32,1.0,0.0009765625,0,,0.01,10.0,,1.4,0.2474873734152916,200000,5385,5385.0,True,0.501857251721548,0.501857251721548,True,False,0.5127810486931015,0.5127810486931015,1.1155087700000197,1.1167049407958984,False
kappa,free10,A,2,128,32,32,1.0,0.0009765625,2,,0.01,10.0,,1.0,0.1767766952966369,200000,16305,16305.0,True,0.5001744554332541,0.5001744554332541,True,False,0.5526901608837045,0.5526901608837045,3.709310951000021,3.752375364303589,False
kappa,free10,A,2,128,32,32,1.0,0.0009765625,1,,0.01,10.0,,1.4,0.2474873734152916,200000,5716,5716.0,True,0.500302482669386,0.500302482669386,True,False,0.5108141523100931,0.5108141523100931,1.3255412809999143,1.3297266960144043,False
kappa,free10,A,2,128,32,32,1.0,0.0009765625,1,,0.01,10.0,,1.0,0.1767766952966369,200000,23037,23037.0,True,0.5011565664408854,0.5011565664408854,True,False,0.5587775320422393,0.5587775320422393,5.0067548229999375,5.015063285827637,False
kappa,free10,A,2,128,32,32,1.0,0.0009765625,2,,0.01,10.0,,1.4,0.2474873734152916,200000,5879,5879.0,True,0.5003323738728378,0.5003323738728378,True,False,0.5008059151850277,0.5008059151850277,1.2638850719999937,1.2962465286254885,False
kappa,free10,A,2,128,32,32,1.0,0.0009765625,2,,0.01,10.0,,0.7,0.1237436867076458,200000,83596,83596.0,True,0.500171059163355,0.500171059163355,True,False,0.5189971466218631,0.5189971466218631,17.591888318000088,17.636509656906128,False
kappa,free1,A,2,32,32,32,1.0,0.0009765625,0,,0.01,1.0,,0.5,0.0883883476483184,200000,200000,,False,0.0955083675021087,0.0972821311618308,False,True,-0.0021674335278515,,22.031020077999983,22.045979976654053,True
kappa,free1,A,2,32,32,32,1.0,0.0009765625,1,,0.01,1.0,,0.5,0.0883883476483184,200000,200000,,False,0.0874216630456616,0.0898996934186428,False,True,-0.0042110024701104,,22.575551816999905,22.61889886856079,True
kappa,free1,A,2,32,32,32,1.0,0.0009765625,2,,0.01,1.0,,0.5,0.0883883476483185,200000,200000,,False,0.0808404101788994,0.0888714995246083,False,True,0.0057119811587258,,22.64067570700001,22.91014003753662,True
kappa,free1,A,2,32,32,32,1.0,0.0009765625,0,,0.01,1.0,,0.7,0.1237436867076458,200000,158107,158107.0,True,0.5004571461853387,0.5004571461853387,True,False,0.1773322687948712,0.1773322687948712,17.93444316099999,17.95969033241272,False
kappa,free1,A,2,32,32,32,1.0,0.0009765625,0,,0.01,1.0,,1.0,0.1767766952966369,200000,59204,59204.0,True,0.5011666227340342,0.5011666227340342,True,False,0.1875713343522563,0.1875713343522563,6.774889960999985,6.795836687088013,False
kappa,free1,A,2,32,32,32,1.0,0.0009765625,1,,0.01,1.0,,1.0,0.1767766952966369,200000,47882,47882.0,True,0.5002078908097347,0.5002078908097347,True,False,0.1895607670778702,0.1895607670778702,5.311971518000064,5.345813751220703,False
kappa,free1,A,2,32,32,32,1.0,0.0009765625,0,,0.01,1.0,,1.4,0.2474873734152916,200000,16764,16764.0,True,0.5001779129888533,0.5001779129888533,True,False,0.1783193406569353,0.1783193406569353,1.8402479300000325,1.8543388843536377,False
kappa,free1,A,2,32,32,32,1.0,0.0009765625,2,,0.01,1.0,,1.0,0.1767766952966369,200000,53477,53477.0,True,0.5000558611957264,0.5000558611957264,True,False,0.1865805302309224,0.1865805302309224,6.0568161219999865,6.121905088424683,False
kappa,free1,A,2,32,32,32,1.0,0.0009765625,1,,0.01,1.0,,1.4,0.2474873734152916,200000,16721,16721.0,True,0.501102933371665,0.501102933371665,True,False,0.1843745896622959,0.1843745896622959,1.9020660500000304,1.92112135887146,False
kappa,free1,A,2,32,32,32,1.0,0.0009765625,2,,0.01,1.0,,1.4,0.2474873734152916,200000,16765,16765.0,True,0.5000195414923163,0.5000195414923163,True,False,0.1751058598983406,0.1751058598983406,1.935681233000082,1.9411065578460691,False
kappa,free1,A,2,32,32,32,1.0,0.0009765625,2,,0.01,1.0,,0.7,0.1237436867076458,200000,178694,178694.0,True,0.5000097795294395,0.5000097795294395,True,False,0.1796046542508244,0.1796046542508244,20.27667195999993,20.338286876678467,False
kappa,free1,A,2,32,32,32,1.0,0.0009765625,1,,0.01,1.0,,0.7,0.1237436867076458,200000,200000,,False,0.2309982252523481,0.2310027206770212,False,True,0.0239250440957397,,22.641769589999967,22.67874836921692,True
kappa,free10,A,2,32,32,32,1.0,0.0009765625,0,,0.01,10.0,,0.5,0.0883883476483184,200000,200000,,False,0.0811698449983045,0.0942081664891808,False,True,0.028712401164335,,22.922915115000023,22.974770069122314,True
kappa,free10,A,2,32,32,32,1.0,0.0009765625,1,,0.01,10.0,,0.5,0.0883883476483184,200000,200000,,False,0.0904662650981969,0.0958136003291489,False,True,0.0014183602634669,,23.48683444100004,23.81105399131775,True
kappa,free10,A,2,32,32,32,1.0,0.0009765625,2,,0.01,10.0,,0.5,0.0883883476483185,200000,200000,,False,0.0723441295012269,0.0894919772164566,False,True,0.0452470211508287,,23.574853663,23.60433888435364,True
kappa,free10,A,2,32,32,32,1.0,0.0009765625,0,,0.01,10.0,,0.7,0.1237436867076458,200000,200000,,False,0.3659757023210795,0.3662108879602953,False,False,0.1783100984037259,,23.35264307099999,23.400924921035767,True
kappa,free10,A,2,32,32,32,1.0,0.0009765625,0,,0.01,10.0,,1.0,0.1767766952966369,200000,50519,50519.0,True,0.5001035481947843,0.5001035481947843,True,False,0.3172408467163903,0.3172408467163903,5.733600896000098,5.744472503662109,False
kappa,free10,A,2,32,32,32,1.0,0.0009765625,1,,0.01,10.0,,1.0,0.1767766952966369,200000,38265,38265.0,True,0.5006729990990201,0.5006729990990201,True,False,0.3220676315327105,0.3220676315327105,4.208323037000014,4.246859788894653,False
kappa,free10,A,2,32,32,32,1.0,0.0009765625,0,,0.01,10.0,,1.4,0.2474873734152916,200000,9636,9636.0,True,0.5005058512499033,0.5005058512499033,True,False,0.1995633586334778,0.1995633586334778,1.0493575790000025,1.0614664554595947,False
kappa,free10,A,2,32,32,32,1.0,0.0009765625,1,,0.01,10.0,,1.4,0.2474873734152916,200000,11007,11007.0,True,0.5006937709039248,0.5006937709039248,True,False,0.3606699661347476,0.3606699661347476,1.1994745609999882,1.21337628364563,False
kappa,free10,A,2,32,32,32,1.0,0.0009765625,2,,0.01,10.0,,1.4,0.2474873734152916,200000,10082,10082.0,True,0.5003283572966182,0.5003283572966182,True,False,0.3891204961304354,0.3891204961304354,1.0877147850000028,1.0919866561889648,False
kappa,free10,A,2,32,32,32,1.0,0.0009765625,2,,0.01,10.0,,1.0,0.1767766952966369,200000,40820,40820.0,True,0.5000710828177268,0.5000710828177268,True,False,0.3242841606418666,0.3242841606418666,4.444122552000067,4.451519250869751,False
kappa,free10,A,2,32,32,32,1.0,0.0009765625,1,,0.01,10.0,,0.7,0.1237436867076458,200000,200000,,False,0.1350449252264567,0.146344325331544,False,True,-0.0099582123464657,,22.896665175999946,22.91365122795105,True
kappa,free10,A,2,32,32,32,1.0,0.0009765625,2,,0.01,10.0,,0.7,0.1237436867076458,200000,200000,,False,0.2859711293608418,0.2861683407008798,False,False,0.0789635149947883,,22.292923621,22.41059255599976,True
kappa2,free1,A,2,128,32,32,1.0,0.0009765625,0,,0.01,1.0,,0.5,0.0883883476483184,1000000,578587,578587.0,True,0.5001463350211763,0.5001463350211763,True,False,0.2271004948589907,0.2271004948589907,124.055543086,124.64723563194276,False
kappa2,free1,A,2,128,32,32,1.0,0.0009765625,1,,0.01,1.0,,0.5,0.0883883476483184,1000000,361530,361530.0,True,0.500128018730235,0.500128018730235,True,False,0.2365936263254781,0.2365936263254781,78.463403375,78.76783180236816,False
kappa2,free1,A,2,4096,8,32,1.0,0.0009765625,0,,0.01,1.0,,0.5,0.0883883476483184,300000,198772,198772.0,True,0.500566452512686,0.500566452512686,True,False,0.2524384782647463,0.2524384782647463,233.608699993,234.1093270778656,False
kappa2,free1,A,2,4096,8,32,1.0,0.0009765625,2,,0.01,1.0,,0.5,0.0883883476483185,300000,253735,253735.0,True,0.5006106085957458,0.5006106085957458,True,False,0.2507874503458217,0.2507874503458217,299.32271792700004,302.1800820827484,False
kappa2,free1,A,2,4096,8,32,1.0,0.0009765625,1,,0.01,1.0,,0.5,0.0883883476483184,300000,296213,296213.0,True,0.5000145562047416,0.5000145562047416,True,False,0.2555967041097963,0.2555967041097963,350.227949384,351.1107747554779,False
kappa2,free10,A,2,128,32,32,1.0,0.0009765625,1,,0.01,10.0,,0.5,0.0883883476483184,1000000,260308,260308.0,True,0.5000512768519543,0.5000512768519543,True,False,0.4860497118307361,0.4860497118307361,56.77737187700001,57.70112633705139,False
kappa2,free1,A,2,128,32,32,1.0,0.0009765625,2,,0.01,1.0,,0.5,0.0883883476483185,1000000,872621,872621.0,True,0.5001320518656142,0.5001320518656142,True,False,0.2325206199488634,0.2325206199488634,197.271478232,197.898597240448,False
kappa2,free10,A,2,128,32,32,1.0,0.0009765625,0,,0.01,10.0,,0.5,0.0883883476483184,1000000,1000000,,False,0.1066720240463312,0.1179099437649681,False,True,-0.0503271583268253,,222.888589295,223.7977242469788,False
kappa2,free1,A,2,32,32,32,1.0,0.0009765625,0,,0.01,1.0,,0.5,0.0883883476483184,1000000,1000000,,False,0.1102953507570221,0.1139818876697774,False,True,0.0114353550847428,,114.139813394,115.51580333709715,False
kappa2,free1,A,2,32,32,32,1.0,0.0009765625,1,,0.01,1.0,,0.7,0.1237436867076458,1000000,216571,216571.0,True,0.5000566576920128,0.5000566576920128,True,False,0.1862877601222232,0.1862877601222232,24.70208652499997,25.040141820907596,False
kappa2,free1,A,2,32,32,32,1.0,0.0009765625,1,,0.01,1.0,,0.5,0.0883883476483184,1000000,1000000,,False,0.0872740782173232,0.0921872990535145,False,True,-0.004914155644812,,114.703441451,114.85317635536194,False
kappa2,free10,A,2,128,32,32,1.0,0.0009765625,2,,0.01,10.0,,0.5,0.0883883476483185,1000000,1000000,,False,0.0772123487251719,0.0894328624977977,False,True,-0.0106301834637135,,212.24802245100005,212.6307642459869,False
kappa2,free1,A,2,32,32,32,1.0,0.0009765625,2,,0.01,1.0,,0.5,0.0883883476483185,1000000,1000000,,False,0.068571026992054,0.0888714995246083,False,True,-0.0024300363691949,,115.976421323,116.14159607887268,False
kappa2,free10,A,2,32,32,32,1.0,0.0009765625,0,,0.01,10.0,,0.7,0.1237436867076458,1000000,201581,201581.0,True,0.5004995839593056,0.5004995839593056,True,False,0.3344300879788062,0.3344300879788062,22.778738304999933,22.798927783966064,False
kappa2,free10,A,2,32,32,32,1.0,0.0009765625,0,,0.01,10.0,,0.5,0.0883883476483184,1000000,1000000,,False,0.0706228348317247,0.0942081664891808,False,True,0.037411767419722,,114.101949741,115.4082808494568,False
kappa2,free10,A,2,32,32,32,1.0,0.0009765625,1,,0.01,10.0,,0.5,0.0883883476483184,1000000,1000000,,False,0.0753728858307243,0.0989808816761438,False,True,-0.0100574772860283,,113.55480312300006,113.78476405143738,False
kappa2,free10,A,2,32,32,32,1.0,0.0009765625,2,,0.01,10.0,,0.7,0.1237436867076458,1000000,204798,204798.0,True,0.5000403244507087,0.5000403244507087,True,False,0.2629162546350138,0.2629162546350138,22.999174955999933,23.02364206314087,False
kappa2,free10,A,2,32,32,32,1.0,0.0009765625,1,,0.01,10.0,,0.7,0.1237436867076458,1000000,375827,375827.0,True,0.5008932646739196,0.5008932646739196,True,False,0.358983513566677,0.358983513566677,43.97318832099995,44.36465549468994,False
kappa2,free10,A,2,32,32,32,1.0,0.0009765625,2,,0.01,10.0,,0.5,0.0883883476483185,1000000,1000000,,False,0.0371678803394801,0.0894919772164566,False,True,-0.0204112864929296,,113.401062938,113.50897216796876,False
p7,fixed,A,2,128,256,64,1.0,0.000244140625,0,1.0,,,,1.0,0.125,100000,100000,,False,0.0051955542464873,0.1251475657365735,False,True,1.0,,147.196640607,147.5821225643158,False
p7,fixed,A,2,128,1024,64,1.0,0.000244140625,2,1.0,,,,1.0,0.125,30000,30000,,False,0.0633567935164442,0.1251625790492109,False,True,1.0,,188.135774082,188.4441766738892,False
p7,fixed,A,2,128,1024,64,1.0,0.000244140625,0,1.0,,,,1.0,0.125,30000,30000,,False,0.067342534287021,0.1250162328818735,False,True,1.0,,188.09377118,189.48724389076236,False
p7,fixed,A,2,128,1024,64,1.0,0.000244140625,1,1.0,,,,1.0,0.125,30000,30000,,False,0.0659186322016224,0.125036328284757,False,True,1.0,,188.44359602,189.90126729011536,False
p7,fixed,A,2,128,32,64,1.0,0.000244140625,0,1.0,,,,1.0,0.125,300000,300000,,False,0.0152599501175211,0.1261130688680827,False,True,1.0,,62.20437168000001,63.0661301612854,False
p7,fixed,A,2,128,32,64,1.0,0.000244140625,1,1.0,,,,1.0,0.125,300000,300000,,False,0.0101739408652653,0.1255065895010559,False,True,1.0,,62.478854544,62.943885803222656,False
p7,fixed,A,2,128,256,64,1.0,0.000244140625,1,1.0,,,,1.0,0.125,100000,100000,,False,0.0054133308566819,0.125384690310886,False,True,1.0,,146.171926017,147.1974561214447,False
p7,fixed,A,2,128,256,64,1.0,0.000244140625,2,1.0,,,,1.0,0.125,100000,100000,,False,0.007249316806581,0.125,False,True,1.0,,112.450073435,113.21378326416016,False
p7,fixed,A,2,128,32,64,1.0,0.000244140625,2,1.0,,,,1.0,0.125,300000,300000,,False,0.0074452120372288,0.1264624938560425,False,True,1.0,,62.10460929599998,62.16144394874573,False
thr,fixed,A,2,512,32,16,1.0,0.00390625,1,1.0,,,,1.0,0.2499999999999999,300000,396,396.0,True,0.5009637289634271,0.5009637289634271,True,False,1.0,1.0,0.29132416,0.2978553771972656,False
thr,fixed,A,2,512,32,16,1.0,0.00390625,0,1.0,,,,1.0,0.2499999999999999,300000,373,373.0,True,0.5007953055398948,0.5007953055398948,True,False,1.0,1.0,0.297182029,0.306631326675415,False
thr,fixed,A,2,512,32,16,1.0,0.00390625,2,1.0,,,,1.0,0.2499999999999997,300000,476,476.0,True,0.5017338501582659,0.5017338501582659,True,False,1.0,1.0,0.3868918999999999,0.3974165916442871,False
thr,fixed,A,2,512,32,32,1.0,0.0009765625,1,1.0,,,,1.0,0.1767766952966369,300000,4199,4199.0,True,0.5001339923945423,0.5001339923945423,True,False,1.0,1.0,2.520042063,2.5398521423339844,False
thr,fixed,A,2,512,32,32,1.0,0.0009765625,2,1.0,,,,1.0,0.1767766952966369,300000,5223,5223.0,True,0.5001143355673174,0.5001143355673174,True,False,1.0,1.0,3.03948453,3.047496795654297,False
thr,fixed,A,2,512,32,32,1.0,0.0009765625,0,1.0,,,,1.0,0.1767766952966369,300000,5985,5985.0,True,0.5005582469962465,0.5005582469962465,True,False,1.0,1.0,4.565224897,4.584741830825806,False
thr,fixed,A,2,512,32,16,1.0,0.00390625,0,0.1,,,,1.0,0.2499999999999999,300000,2292,2292.0,True,0.5003205933115882,0.5003205933115882,True,False,0.1,0.1,1.2882396749999998,1.291990041732788,False
thr,fixed,A,2,512,32,16,1.0,0.00390625,1,0.1,,,,1.0,0.2499999999999999,300000,2211,2211.0,True,0.5004451233013315,0.5004451233013315,True,False,0.1,0.1,1.244041364,1.2519381046295166,False
thr,fixed,A,2,512,32,16,1.0,0.00390625,2,0.1,,,,1.0,0.2499999999999997,300000,2462,2462.0,True,0.5000337573335687,0.5000337573335687,True,False,0.1,0.1,1.421467228,1.4360554218292236,False
thr,fixed,A,2,512,32,64,1.0,0.000244140625,0,1.0,,,,1.0,0.125,300000,29258,29258.0,True,0.5000528659618906,0.5000528659618906,True,False,1.0,1.0,17.749485718,17.93826150894165,False
thr,fixed,A,2,512,32,32,1.0,0.0009765625,0,0.1,,,,1.0,0.1767766952966369,300000,20925,20925.0,True,0.5001911711966907,0.5001911711966907,True,False,0.1,0.1,12.816745554,12.9013409614563,False
thr,fixed,A,2,512,32,32,1.0,0.0009765625,1,0.1,,,,1.0,0.1767766952966369,300000,20470,20470.0,True,0.5000173617069141,0.5000173617069141,True,False,0.1,0.1,12.451903571,12.459518909454346,False
thr,fixed,A,2,512,32,32,1.0,0.0009765625,2,0.1,,,,1.0,0.1767766952966369,300000,20733,20733.0,True,0.5000223482931324,0.5000223482931324,True,False,0.1,0.1,11.794973154,11.802545547485352,False
thr,fixed,A,2,512,32,64,1.0,0.000244140625,1,1.0,,,,1.0,0.125,300000,50480,50480.0,True,0.5007467477079574,0.5007467477079574,True,False,1.0,1.0,31.37215184,31.540914058685303,False
thr,fixed,A,2,512,32,64,1.0,0.000244140625,2,1.0,,,,1.0,0.125,300000,51817,51817.0,True,0.5000323695027631,0.5000323695027631,True,False,1.0,1.0,30.63486525,31.02640676498413,False
thr,fixed,A,2,128,32,16,1.0,0.00390625,0,1.0,,,,1.0,0.2499999999999999,300000,1024,1024.0,True,0.5001730977854126,0.5001730977854126,True,False,1.0,1.0,0.2035431850000009,0.2045319080352783,False
thr,fixed,A,2,128,32,16,1.0,0.00390625,1,1.0,,,,1.0,0.2499999999999999,300000,455,455.0,True,0.5020831833700139,0.5020831833700139,True,False,1.0,1.0,0.0901162950000014,0.0911357402801513,False
thr,fixed,A,2,128,32,16,1.0,0.00390625,2,1.0,,,,1.0,0.2499999999999997,300000,992,992.0,True,0.5038774047501201,0.5038774047501201,True,False,1.0,1.0,0.195208994000005,0.1966502666473388,False
thr,fixed,A,2,128,32,32,1.0,0.0009765625,0,1.0,,,,1.0,0.1767766952966369,300000,300000,,False,0.0022201690247758,0.1998829625186883,False,True,1.0,,63.175208266000006,63.27236986160278,False
thr,fixed,A,2,512,32,64,1.0,0.000244140625,0,0.1,,,,1.0,0.125,300000,160329,160329.0,True,0.5000033909362421,0.5000033909362421,True,False,0.1,0.1,93.598612622,93.82015204429626,False
thr,fixed,A,2,128,32,32,1.0,0.0009765625,2,1.0,,,,1.0,0.1767766952966369,300000,16518,16518.0,True,0.5007503626793823,0.5007503626793823,True,False,1.0,1.0,3.319891284999997,3.3260531425476074,False
thr,fixed,A,2,512,32,64,1.0,0.000244140625,2,0.1,,,,1.0,0.125,300000,172478,172478.0,True,0.5000032816668859,0.5000032816668859,True,False,0.1,0.1,100.174150876,101.55069303512572,False
thr,fixed,A,2,512,32,64,1.0,0.000244140625,1,0.1,,,,1.0,0.125,300000,174448,174448.0,True,0.5000094170188664,0.5000094170188664,True,False,0.1,0.1,102.652911955,102.90091252326964,False
thr,fixed,A,2,128,32,32,1.0,0.0009765625,1,1.0,,,,1.0,0.1767766952966369,300000,300000,,False,0.0093097164498932,0.1873615955534335,False,True,1.0,,62.48024299700002,62.62049126625061,False
thr,fixed,A,2,128,32,16,1.0,0.00390625,0,0.1,,,,1.0,0.2499999999999999,300000,2501,2501.0,True,0.5000483332231341,0.5000483332231341,True,False,0.1,0.1,0.5081764109999938,0.5091226100921631,False
thr,fixed,A,2,128,32,16,1.0,0.00390625,1,0.1,,,,1.0,0.2499999999999999,300000,2314,2314.0,True,0.5049673385622385,0.5049673385622385,True,False,0.1,0.1,0.4857911779999995,0.487633466720581,False
thr,fixed,A,2,128,32,16,1.0,0.00390625,2,0.1,,,,1.0,0.2499999999999997,300000,2451,2451.0,True,0.5002481123350808,0.5002481123350808,True,False,0.1,0.1,0.5000569900000187,0.5046296119689941,False
thr,fixed,A,2,128,32,32,1.0,0.0009765625,0,0.1,,,,1.0,0.1767766952966369,300000,20793,20793.0,True,0.5000297120902635,0.5000297120902635,True,False,0.1,0.1,4.387400417999999,4.444944143295288,False
thr,fixed,A,2,128,32,32,1.0,0.0009765625,1,0.1,,,,1.0,0.1767766952966369,300000,22103,22103.0,True,0.5001959987950789,0.5001959987950789,True,False,0.1,0.1,4.90023714900002,4.954096794128418,False
thr,fixed,A,2,128,32,32,1.0,0.0009765625,2,0.1,,,,1.0,0.1767766952966369,300000,21146,21146.0,True,0.5000083896957064,0.5000083896957064,True,False,0.1,0.1,4.6455013290000124,4.688992023468018,False
thr,fixed,A,2,128,32,64,1.0,0.000244140625,0,1.0,,,,1.0,0.125,300000,300000,,False,0.0152599501175211,0.1261130688680827,False,True,1.0,,63.621353602,63.67535281181336,False
thr,fixed,A,2,128,32,64,1.0,0.000244140625,1,1.0,,,,1.0,0.125,300000,300000,,False,0.0101739408652653,0.1255065895010559,False,True,1.0,,63.645126605,64.43206143379211,False
thr,fixed,A,2,128,32,64,1.0,0.000244140625,2,1.0,,,,1.0,0.125,300000,300000,,False,0.0074452120372288,0.1264624938560425,False,True,1.0,,64.199582776,64.77493572235107,False
thr,fixed,A,2,32,32,16,1.0,0.00390625,0,1.0,,,,1.0,0.2499999999999999,300000,105552,105552.0,True,0.6850129406947407,0.6850129406947407,True,False,1.0,1.0,11.867968305000003,11.911051273345947,False
thr,fixed,A,2,128,32,64,1.0,0.000244140625,0,0.1,,,,1.0,0.125,300000,180802,180802.0,True,0.5000125544658915,0.5000125544658915,True,False,0.1,0.1,38.498002859,38.769307374954224,False
thr,fixed,A,2,128,32,64,1.0,0.000244140625,1,0.1,,,,1.0,0.125,300000,182841,182841.0,True,0.5000060837754741,0.5000060837754741,True,False,0.1,0.1,38.398382769999984,38.64360189437866,False
thr,fixed,A,2,128,32,64,1.0,0.000244140625,2,0.1,,,,1.0,0.125,300000,178201,178201.0,True,0.500012425633096,0.500012425633096,True,False,0.1,0.1,37.40301690999999,37.7653956413269,False
thr,fixed,A,2,32,32,16,1.0,0.00390625,1,1.0,,,,1.0,0.2499999999999999,300000,292941,292941.0,True,0.5015718401422893,0.5015718401422893,True,False,1.0,1.0,32.287578120000006,32.45594096183777,False
thr,fixed,A,2,32,32,16,1.0,0.00390625,2,1.0,,,,1.0,0.2499999999999997,300000,300000,,False,0.0554101332457606,0.3747397618777376,False,True,1.0,,33.16058179800001,33.20047998428345,False
thr,fixed,A,2,32,32,32,1.0,0.0009765625,0,1.0,,,,1.0,0.1767766952966369,300000,300000,,False,0.0476628378396322,0.1910850908724551,False,True,1.0,,33.54657771800001,33.59720969200134,False
thr,fixed,A,2,32,32,32,1.0,0.0009765625,1,1.0,,,,1.0,0.1767766952966369,300000,300000,,False,0.0332280496945736,0.2882008404055584,False,True,1.0,,33.182810536999995,33.46535038948059,False
thr,fixed,A,2,32,32,32,1.0,0.0009765625,2,1.0,,,,1.0,0.1767766952966369,300000,300000,,False,0.0042052209166831,0.1777186719769152,False,True,1.0,,34.28088671399999,34.40210747718811,False
thr,fixed,A,2,32,32,16,1.0,0.00390625,0,0.1,,,,1.0,0.2499999999999999,300000,2864,2864.0,True,0.5002033014676918,0.5002033014676918,True,False,0.1,0.1,0.3221769090000066,0.3254573345184326,False
thr,fixed,A,2,32,32,16,1.0,0.00390625,1,0.1,,,,1.0,0.2499999999999999,300000,2562,2562.0,True,0.5014054484268726,0.5014054484268726,True,False,0.1,0.1,0.2904574169999705,0.2972207069396972,False
thr,fixed,A,2,32,32,16,1.0,0.00390625,2,0.1,,,,1.0,0.2499999999999997,300000,2163,2163.0,True,0.5003807743388362,0.5003807743388362,True,False,0.1,0.1,0.2435538029999975,0.2468800544738769,False
thr,fixed,A,2,32,32,64,1.0,0.000244140625,0,1.0,,,,1.0,0.125,300000,300000,,False,0.0067298804489535,0.1254636508563185,False,True,1.0,,33.55015752800003,33.58418941497803,False
thr,fixed,A,2,32,32,32,1.0,0.0009765625,0,0.1,,,,1.0,0.1767766952966369,300000,23556,23556.0,True,0.5000461089056272,0.5000461089056272,True,False,0.1,0.1,2.6426942240000244,2.669983386993408,False
thr,fixed,A,2,32,32,32,1.0,0.0009765625,1,0.1,,,,1.0,0.1767766952966369,300000,23781,23781.0,True,0.5001184123940128,0.5001184123940128,True,False,0.1,0.1,2.6213431939999623,2.626220703125,False
thr,fixed,A,2,32,32,32,1.0,0.0009765625,2,0.1,,,,1.0,0.1767766952966369,300000,22353,22353.0,True,0.5000337857418146,0.5000337857418146,True,False,0.1,0.1,2.448900622999986,2.460821390151977,False
thr,fixed,A,2,32,32,64,1.0,0.000244140625,1,1.0,,,,1.0,0.125,300000,300000,,False,0.0020142347146993,0.1254080605200769,False,True,1.0,,33.188351314000045,33.330321073532104,False
thr,fixed,A,2,32,32,64,1.0,0.000244140625,2,1.0,,,,1.0,0.125,300000,300000,,False,0.0021115770376524,0.1262537068829219,False,True,1.0,,32.79078423599998,33.02300810813904,False
thr,fixed,A,2,32,32,64,1.0,0.000244140625,0,0.1,,,,1.0,0.125,300000,236711,236711.0,True,0.5000280167777291,0.5000280167777291,True,False,0.1,0.1,26.400367604,26.47284960746765,False
thr,fixed,A,2,32,32,64,1.0,0.000244140625,1,0.1,,,,1.0,0.125,300000,237943,237943.0,True,0.5000408621308942,0.5000408621308942,True,False,0.1,0.1,26.455625989,26.480834007263184,False
thr,fixed,A,2,32,32,64,1.0,0.000244140625,2,0.1,,,,1.0,0.125,300000,232982,232982.0,True,0.5000056280513261,0.5000056280513261,True,False,0.1,0.1,25.28680976100003,25.30935525894165,False
tied1,tied,At,2,128,32,32,1.0,0.0009765625,2,,,,1.0,1.0,0.1767766952966368,300000,6790,6790.0,True,0.5001099655899113,0.5001099655899113,True,False,0.6356615342607179,0.6356615342607179,1.586064873,1.5949368476867676,False
tied1,tied,At,2,128,32,32,1.0,0.0009765625,0,,,,1.0,1.0,0.1767766952966369,300000,7320,7320.0,True,0.5009801615981407,0.5009801615981407,True,False,0.6497249432200731,0.6497249432200731,1.6621670110000002,1.7005980014801023,False
tied1,tied,At,2,128,32,32,1.0,0.0009765625,1,,,,1.0,1.0,0.1767766952966369,300000,9157,9157.0,True,0.5008235969430921,0.5008235969430921,True,False,0.602208174011823,0.602208174011823,2.032237901,2.04315447807312,False
tied1,tied,At,2,128,32,64,1.0,0.000244140625,0,,,,1.0,1.0,0.125,300000,300000,,False,0.0110447830830693,0.1257518645700023,False,True,0.1748042477791953,,66.149752334,73.2872200012207,False
tied1,tied,At,2,128,32,64,1.0,0.000244140625,1,,,,1.0,1.0,0.1249999999999999,300000,300000,,False,0.0035537652617847,0.1261922424847532,False,True,0.180263667856472,,66.846938415,74.09500479698181,False
tied1,tied,At,2,128,32,64,1.0,0.000244140625,2,,,,1.0,1.0,0.1249999999999999,300000,300000,,False,0.0222745446919488,0.1256478048580374,False,True,0.1767660960610785,,66.96495553599999,74.19998145103455,False
