phase,protocol,model,k,N,B,d,eta0,eta,seed,gamma,gamma0,eta_gamma_mult,rho0,m0_scale,m0,max_steps,steps,T05,reached05,final_abs_m,max_abs_m,exceeded05,stuck,final_gamma,gamma_at_T05,cpu_s,wall_s
thr,fixed,A,2,512,32,16,1.0,0.00390625,1,1.0,nan,nan,nan,1.0,0.2499999999999999,300000,396,396.0,True,0.5009637289634271,0.5009637289634271,True,False,1.0,1.0,0.29132416,0.2978553771972656
thr,fixed,A,2,512,32,16,1.0,0.00390625,0,1.0,nan,nan,nan,1.0,0.24999999999999994,300000,373,373.0,True,0.5007953055398948,0.5007953055398948,True,False,1.0,1.0,0.297182029,0.30663132667541504
thr,fixed,A,2,512,32,16,1.0,0.00390625,2,1.0,nan,nan,nan,1.0,0.24999999999999975,300000,476,476.0,True,0.5017338501582659,0.5017338501582659,True,False,1.0,1.0,0.38689189999999996,0.3974165916442871
thr,fixed,A,2,512,32,32,1.0,0.0009765625,1,1.0,nan,nan,nan,1.0,0.17677669529663692,300000,4199,4199.0,True,0.5001339923945423,0.5001339923945423,True,False,1.0,1.0,2.520042063,2.5398521423339844
thr,fixed,A,2,512,32,32,1.0,0.0009765625,2,1.0,nan,nan,nan,1.0,0.17677669529663692,300000,5223,5223.0,True,0.5001143355673174,0.5001143355673174,True,False,1.0,1.0,3.03948453,3.047496795654297
thr,fixed,A,2,512,32,32,1.0,0.0009765625,0,1.0,nan,nan,nan,1.0,0.17677669529663692,300000,5985,5985.0,True,0.5005582469962465,0.5005582469962465,True,False,1.0,1.0,4.565224897,4.584741830825806
thr,fixed,A,2,512,32,16,1.0,0.00390625,0,0.1,nan,nan,nan,1.0,0.24999999999999994,300000,2292,2292.0,True,0.5003205933115882,0.5003205933115882,True,False,0.1,0.1,1.2882396749999998,1.291990041732788
thr,fixed,A,2,512,32,16,1.0,0.00390625,1,0.1,nan,nan,nan,1.0,0.2499999999999999,300000,2211,2211.0,True,0.5004451233013315,0.5004451233013315,True,False,0.1,0.1,1.244041364,1.2519381046295166
thr,fixed,A,2,512,32,16,1.0,0.00390625,2,0.1,nan,nan,nan,1.0,0.24999999999999975,300000,2462,2462.0,True,0.5000337573335687,0.5000337573335687,True,False,0.1,0.1,1.421467228,1.4360554218292236
thr,fixed,A,2,512,32,64,1.0,0.000244140625,0,1.0,nan,nan,nan,1.0,0.125,300000,29258,29258.0,True,0.5000528659618906,0.5000528659618906,True,False,1.0,1.0,17.749485718,17.93826150894165
thr,fixed,A,2,512,32,32,1.0,0.0009765625,0,0.1,nan,nan,nan,1.0,0.17677669529663692,300000,20925,20925.0,True,0.5001911711966907,0.5001911711966907,True,False,0.1,0.1,12.816745554,12.901340961456299
thr,fixed,A,2,512,32,32,1.0,0.0009765625,1,0.1,nan,nan,nan,1.0,0.17677669529663692,300000,20470,20470.0,True,0.5000173617069141,0.5000173617069141,True,False,0.1,0.1,12.451903570999999,12.459518909454346
thr,fixed,A,2,512,32,32,1.0,0.0009765625,2,0.1,nan,nan,nan,1.0,0.17677669529663692,300000,20733,20733.0,True,0.5000223482931324,0.5000223482931324,True,False,0.1,0.1,11.794973154000001,11.802545547485352
thr,fixed,A,2,512,32,64,1.0,0.000244140625,1,1.0,nan,nan,nan,1.0,0.125,300000,50480,50480.0,True,0.5007467477079574,0.5007467477079574,True,False,1.0,1.0,31.37215184,31.540914058685303
thr,fixed,A,2,512,32,64,1.0,0.000244140625,2,1.0,nan,nan,nan,1.0,0.125,300000,51817,51817.0,True,0.5000323695027631,0.5000323695027631,True,False,1.0,1.0,30.63486525,31.02640676498413
thr,fixed,A,2,128,32,16,1.0,0.00390625,0,1.0,nan,nan,nan,1.0,0.24999999999999994,300000,1024,1024.0,True,0.5001730977854126,0.5001730977854126,True,False,1.0,1.0,0.2035431850000009,0.20453190803527832
thr,fixed,A,2,128,32,16,1.0,0.00390625,1,1.0,nan,nan,nan,1.0,0.2499999999999999,300000,455,455.0,True,0.5020831833700139,0.5020831833700139,True,False,1.0,1.0,0.0901162950000014,0.09113574028015137
thr,fixed,A,2,128,32,16,1.0,0.00390625,2,1.0,nan,nan,nan,1.0,0.24999999999999975,300000,992,992.0,True,0.5038774047501201,0.5038774047501201,True,False,1.0,1.0,0.19520899400000502,0.19665026664733887
thr,fixed,A,2,128,32,32,1.0,0.0009765625,0,1.0,nan,nan,nan,1.0,0.17677669529663692,300000,300000,nan,False,0.002220169024775842,0.19988296251868834,False,True,1.0,nan,63.175208266000006,63.27236986160278
thr,fixed,A,2,512,32,64,1.0,0.000244140625,0,0.1,nan,nan,nan,1.0,0.125,300000,160329,160329.0,True,0.5000033909362421,0.5000033909362421,True,False,0.1,0.1,93.59861262199999,93.82015204429626
thr,fixed,A,2,128,32,32,1.0,0.0009765625,2,1.0,nan,nan,nan,1.0,0.17677669529663692,300000,16518,16518.0,True,0.5007503626793823,0.5007503626793823,True,False,1.0,1.0,3.319891284999997,3.3260531425476074
thr,fixed,A,2,512,32,64,1.0,0.000244140625,2,0.1,nan,nan,nan,1.0,0.125,300000,172478,172478.0,True,0.5000032816668859,0.5000032816668859,True,False,0.1,0.1,100.174150876,101.55069303512573
thr,fixed,A,2,512,32,64,1.0,0.000244140625,1,0.1,nan,nan,nan,1.0,0.125,300000,174448,174448.0,True,0.5000094170188664,0.5000094170188664,True,False,0.1,0.1,102.65291195500001,102.90091252326965
thr,fixed,A,2,128,32,32,1.0,0.0009765625,1,1.0,nan,nan,nan,1.0,0.17677669529663692,300000,300000,nan,False,0.00930971644989323,0.1873615955534335,False,True,1.0,nan,62.48024299700002,62.62049126625061
thr,fixed,A,2,128,32,16,1.0,0.00390625,0,0.1,nan,nan,nan,1.0,0.24999999999999994,300000,2501,2501.0,True,0.5000483332231341,0.5000483332231341,True,False,0.1,0.1,0.5081764109999938,0.5091226100921631
thr,fixed,A,2,128,32,16,1.0,0.00390625,1,0.1,nan,nan,nan,1.0,0.2499999999999999,300000,2314,2314.0,True,0.5049673385622385,0.5049673385622385,True,False,0.1,0.1,0.4857911779999995,0.48763346672058105
thr,fixed,A,2,128,32,16,1.0,0.00390625,2,0.1,nan,nan,nan,1.0,0.24999999999999975,300000,2451,2451.0,True,0.5002481123350808,0.5002481123350808,True,False,0.1,0.1,0.5000569900000187,0.5046296119689941
thr,fixed,A,2,128,32,32,1.0,0.0009765625,0,0.1,nan,nan,nan,1.0,0.17677669529663692,300000,20793,20793.0,True,0.5000297120902635,0.5000297120902635,True,False,0.1,0.1,4.387400417999999,4.444944143295288
thr,fixed,A,2,128,32,32,1.0,0.0009765625,1,0.1,nan,nan,nan,1.0,0.17677669529663692,300000,22103,22103.0,True,0.5001959987950789,0.5001959987950789,True,False,0.1,0.1,4.90023714900002,4.954096794128418
thr,fixed,A,2,128,32,32,1.0,0.0009765625,2,0.1,nan,nan,nan,1.0,0.17677669529663692,300000,21146,21146.0,True,0.5000083896957064,0.5000083896957064,True,False,0.1,0.1,4.6455013290000124,4.688992023468018
thr,fixed,A,2,128,32,64,1.0,0.000244140625,0,1.0,nan,nan,nan,1.0,0.125,300000,300000,nan,False,0.015259950117521168,0.12611306886808274,False,True,1.0,nan,63.621353602,63.675352811813354
thr,fixed,A,2,128,32,64,1.0,0.000244140625,1,1.0,nan,nan,nan,1.0,0.125,300000,300000,nan,False,0.010173940865265373,0.12550658950105598,False,True,1.0,nan,63.645126605,64.43206143379211
thr,fixed,A,2,128,32,64,1.0,0.000244140625,2,1.0,nan,nan,nan,1.0,0.125,300000,300000,nan,False,0.007445212037228886,0.12646249385604258,False,True,1.0,nan,64.199582776,64.77493572235107
thr,fixed,A,2,32,32,16,1.0,0.00390625,0,1.0,nan,nan,nan,1.0,0.24999999999999994,300000,105552,105552.0,True,0.6850129406947407,0.6850129406947407,True,False,1.0,1.0,11.867968305000005,11.911051273345947
thr,fixed,A,2,128,32,64,1.0,0.000244140625,0,0.1,nan,nan,nan,1.0,0.125,300000,180802,180802.0,True,0.5000125544658915,0.5000125544658915,True,False,0.1,0.1,38.498002858999996,38.769307374954224
thr,fixed,A,2,128,32,64,1.0,0.000244140625,1,0.1,nan,nan,nan,1.0,0.125,300000,182841,182841.0,True,0.5000060837754741,0.5000060837754741,True,False,0.1,0.1,38.398382769999984,38.64360189437866
thr,fixed,A,2,128,32,64,1.0,0.000244140625,2,0.1,nan,nan,nan,1.0,0.125,300000,178201,178201.0,True,0.500012425633096,0.500012425633096,True,False,0.1,0.1,37.40301690999999,37.765395641326904
thr,fixed,A,2,32,32,16,1.0,0.00390625,1,1.0,nan,nan,nan,1.0,0.2499999999999999,300000,292941,292941.0,True,0.5015718401422893,0.5015718401422893,True,False,1.0,1.0,32.287578120000006,32.45594096183777
thr,fixed,A,2,32,32,16,1.0,0.00390625,2,1.0,nan,nan,nan,1.0,0.24999999999999975,300000,300000,nan,False,0.05541013324576065,0.37473976187773766,False,True,1.0,nan,33.16058179800001,33.20047998428345
thr,fixed,A,2,32,32,32,1.0,0.0009765625,0,1.0,nan,nan,nan,1.0,0.17677669529663692,300000,300000,nan,False,0.04766283783963223,0.19108509087245518,False,True,1.0,nan,33.54657771800001,33.59720969200134
thr,fixed,A,2,32,32,32,1.0,0.0009765625,1,1.0,nan,nan,nan,1.0,0.17677669529663692,300000,300000,nan,False,0.03322804969457366,0.2882008404055584,False,True,1.0,nan,33.182810536999995,33.46535038948059
thr,fixed,A,2,32,32,32,1.0,0.0009765625,2,1.0,nan,nan,nan,1.0,0.17677669529663692,300000,300000,nan,False,0.0042052209166831694,0.17771867197691527,False,True,1.0,nan,34.28088671399999,34.40210747718811
thr,fixed,A,2,32,32,16,1.0,0.00390625,0,0.1,nan,nan,nan,1.0,0.24999999999999994,300000,2864,2864.0,True,0.5002033014676918,0.5002033014676918,True,False,0.1,0.1,0.3221769090000066,0.3254573345184326
thr,fixed,A,2,32,32,16,1.0,0.00390625,1,0.1,nan,nan,nan,1.0,0.2499999999999999,300000,2562,2562.0,True,0.5014054484268726,0.5014054484268726,True,False,0.1,0.1,0.2904574169999705,0.29722070693969727
thr,fixed,A,2,32,32,16,1.0,0.00390625,2,0.1,nan,nan,nan,1.0,0.24999999999999975,300000,2163,2163.0,True,0.5003807743388362,0.5003807743388362,True,False,0.1,0.1,0.24355380299999752,0.24688005447387695
thr,fixed,A,2,32,32,64,1.0,0.000244140625,0,1.0,nan,nan,nan,1.0,0.125,300000,300000,nan,False,0.006729880448953562,0.12546365085631855,False,True,1.0,nan,33.55015752800003,33.58418941497803
thr,fixed,A,2,32,32,32,1.0,0.0009765625,0,0.1,nan,nan,nan,1.0,0.17677669529663692,300000,23556,23556.0,True,0.5000461089056272,0.5000461089056272,True,False,0.1,0.1,2.6426942240000244,2.669983386993408
thr,fixed,A,2,32,32,32,1.0,0.0009765625,1,0.1,nan,nan,nan,1.0,0.17677669529663692,300000,23781,23781.0,True,0.5001184123940128,0.5001184123940128,True,False,0.1,0.1,2.6213431939999623,2.626220703125
thr,fixed,A,2,32,32,32,1.0,0.0009765625,2,0.1,nan,nan,nan,1.0,0.17677669529663692,300000,22353,22353.0,True,0.5000337857418146,0.5000337857418146,True,False,0.1,0.1,2.448900622999986,2.4608213901519775
thr,fixed,A,2,32,32,64,1.0,0.000244140625,1,1.0,nan,nan,nan,1.0,0.125,300000,300000,nan,False,0.0020142347146993103,0.12540806052007697,False,True,1.0,nan,33.188351314000045,33.330321073532104
thr,fixed,A,2,32,32,64,1.0,0.000244140625,2,1.0,nan,nan,nan,1.0,0.125,300000,300000,nan,False,0.0021115770376524123,0.12625370688292192,False,True,1.0,nan,32.79078423599998,33.02300810813904
thr,fixed,A,2,32,32,64,1.0,0.000244140625,0,0.1,nan,nan,nan,1.0,0.125,300000,236711,236711.0,True,0.5000280167777291,0.5000280167777291,True,False,0.1,0.1,26.400367603999996,26.47284960746765
thr,fixed,A,2,32,32,64,1.0,0.000244140625,1,0.1,nan,nan,nan,1.0,0.125,300000,237943,237943.0,True,0.5000408621308942,0.5000408621308942,True,False,0.1,0.1,26.455625988999998,26.480834007263184
thr,fixed,A,2,32,32,64,1.0,0.000244140625,2,0.1,nan,nan,nan,1.0,0.125,300000,232982,232982.0,True,0.5000056280513261,0.5000056280513261,True,False,0.1,0.1,25.28680976100003,25.30935525894165
