gamma,N,d,m0sq,pred_threshold_d,predicted,n,escaped,stuck,exceeded_0p5,median_final_abs_m,min_final_abs_m,max_final_abs_m,T05_median_escaped,cpu_s,pred_threshold_d_corrected,predicted_corrected
0.1,32,16,0.0625,75.99999999999999,escape,3,3,0,3,0.5003807743388362,0.5002033014676918,0.5014054484268726,2562.0,0.8561881289999747,150.74999999999997,escape
0.1,32,32,0.03125,75.99999999999999,escape,3,3,0,3,0.5000461089056272,0.5000337857418146,0.5001184123940128,23556.0,7.712938040999973,150.74999999999997,escape
0.1,32,64,0.015625,75.99999999999999,escape,3,3,0,3,0.5000280167777291,0.5000056280513261,0.5000408621308942,236711.0,78.14280335400002,150.74999999999997,escape
0.1,128,16,0.0625,303.99999999999994,escape,3,3,0,3,0.5002481123350808,0.5000483332231341,0.5049673385622385,2451.0,1.494024579000012,606.75,escape
0.1,128,32,0.03125,303.99999999999994,escape,3,3,0,3,0.5000297120902635,0.5000083896957064,0.5001959987950789,21146.0,13.933138896000033,606.75,escape
0.1,128,64,0.015625,303.99999999999994,escape,3,3,0,3,0.500012425633096,0.5000060837754741,0.5000125544658915,180802.0,114.29940253899996,606.75,escape
0.1,512,16,0.0625,1215.9999999999998,escape,3,3,0,3,0.5003205933115882,0.5000337573335687,0.5004451233013315,2292.0,3.953748267,2430.7499999999995,escape
0.1,512,32,0.03125,1215.9999999999998,escape,3,3,0,3,0.5000223482931324,0.5000173617069141,0.5001911711966907,20733.0,37.063622279,2430.7499999999995,escape
0.1,512,64,0.015625,1215.9999999999998,escape,3,3,0,3,0.5000033909362421,0.5000032816668859,0.5000094170188664,172478.0,296.425675453,2430.7499999999995,escape
1.0,32,16,0.0625,4.0,stuck,3,2,1,2,0.5015718401422893,0.0554101332457606,0.6850129406947407,199246.5,77.31612822300002,6.75,stuck
1.0,32,32,0.03125,4.0,stuck,3,0,3,0,0.0332280496945736,0.0042052209166831,0.0476628378396322,,101.010274969,6.75,stuck
1.0,32,64,0.015625,4.0,stuck,3,0,3,0,0.0021115770376524,0.0020142347146993,0.0067298804489535,,99.52929307800004,6.75,stuck
1.0,128,16,0.0625,16.0,stuck,3,3,0,3,0.5020831833700139,0.5001730977854126,0.5038774047501201,992.0,0.4888684740000073,30.75,escape
1.0,128,32,0.03125,16.0,stuck,3,1,2,1,0.0093097164498932,0.0022201690247758,0.5007503626793823,16518.0,128.975342548,30.75,stuck
1.0,128,64,0.015625,16.0,stuck,3,0,3,0,0.0101739408652653,0.0074452120372288,0.0152599501175211,,191.466062983,30.75,stuck
1.0,512,16,0.0625,64.0,escape,3,3,0,3,0.5009637289634271,0.5007953055398948,0.5017338501582659,396.0,0.975398089,126.75,escape
1.0,512,32,0.03125,64.0,escape,3,3,0,3,0.5001339923945423,0.5001143355673174,0.5005582469962465,5223.0,10.12475149,126.75,escape
1.0,512,64,0.015625,64.0,stuck,3,3,0,3,0.5000528659618906,0.5000323695027631,0.5007467477079574,50480.0,79.75650280800001,126.75,escape
