tag,seed,p,pi,m0,T05,T09,T01d,T05d,T09d,drop,final_mx,learned,n_neur_05,n_neur_09,pooled0,pooled_end,Tq01,Tq05,Tq09,sharp_q,sharp_d,sharp_m,q0,q_end,top_share_end,T05_fine,T05d_fine,T09d_fine,T01d_fine,sharp_d_fine,j_end,m0_jend,m_end_jend,n_end_jend,n0_jend,a_p,n_assigned,n_m_ge03,K1_d,K2_d,K3_d,K4_d,K1_dfine,K2_dfine,K3_dfine,K4_dfine,K3b_d
Btied_eta0.25,0,1,0.47168346259628857,0.4160224497318268,393.02312639155235,3792.048866520412,288.5459883632463,1393.3317673110653,2794.0605161059275,0.6447238675419049,0.8475005626678467,True,17,0,2.2991075887785972,15.66553461186212,,2772.4847060307484,4572.555054128119,,1.7982181893246951,6.37497989175971,0.022991075887785983,0.9999998774250841,0.11524385213725805,397.99541019871185,1365.845970175412,2690.020581316007,342.0589571154408,1.7190530085167828,28,0.39170923829078674,0.8475005626678467,0.09696330894733338,0.010000000000000002,0.686792153854635,20,29,0.23362532360977822,0.09151319755662478,0.035846564908459784,0.24927068512478096,0.22901667375255,0.08970794683150098,0.035139431521997645,0.2443534043708746,0.040434627815476715
Btied_eta0.25,0,2,0.16676528748769345,0.4692191183567047,252.2033469531874,,384.2164260287355,1897.1446881678867,4207.207347181524,0.4972915971785268,0.7965307831764221,True,12,0,5.028911953999232,18.626450107079123,,3796.250646917543,6700.836978366155,,2.0151288117327164,15.158367116604486,0.05028911953999235,1.000006506267698,0.11491952783476786,251.00637301965997,1893.1879561687492,4206.6414412797485,409.650322889832,2.005607053445396,15,0.4692191183567047,0.7965307831764221,0.07396760081124748,0.010000000000000002,0.4083690579459877,12,26,0.1891443332749889,0.08875013730145702,0.04164326117862615,0.249964290569152,0.18874984916389698,0.08856503781464474,0.04155640896061582,0.24944295884716733,0.04164326117862615
Btied_eta0.25,0,3,0.09077552470075399,0.3932177722454071,1459.0004415551325,,560.3728432372957,2809.5120592438825,5755.515485003487,0.3716380846382661,0.7101765275001526,True,8,0,6.040677796269007,21.71681044872457,,4931.646165134572,9032.239078795918,,1.8491263010148276,3.5607546740895746,0.06040677796269009,0.999982445028501,0.09913556970163412,1455.5418595872206,2790.327904411172,5713.389478003318,586.6497029163036,1.8373252000176241,9,0.3932177722454071,0.7101765275001526,0.059221753531964044,0.01,0.301289768662585,9,24,0.20665948202742485,0.08126218113621375,0.03195373383418471,0.22140702947770327,0.2052483517609369,0.08070729963647728,0.031735544566998154,0.21989519872382712,0.03195373383418471
Btied_eta0.25,0,4,0.05896043282453607,0.3648515045642853,4956.694546069999,,949.286456584018,4764.663296898514,8225.984192294047,0.22009595697707862,0.5926828384399414,True,4,0,6.011637314584472,20.77841593852127,,6277.410525222107,11207.06203158334,,1.5272218165860083,1.4680545004491923,0.06011637314584474,1.0000025903676468,0.07041296021209988,4949.25606007914,4764.1246786936445,8217.358020001831,920.8486217982137,1.5315529903815135,36,0.30085521936416626,0.5926828384399414,0.04388671043345809,0.01,0.24281769462816352,7,20,0.28245716734187554,0.08497871304162098,0.025566289353421416,0.2351602888183573,0.2824252371585769,0.08496910667932034,0.025563399229184165,0.23513370527934785,0.037599743519455865
Btied_eta0.25,0,5,0.04218865144911123,0.36128121614456177,5247.996214868991,,944.7080347056673,5370.5528938282005,10434.90625121507,0.2463327804642681,0.6138845682144165,True,2,0,9.733315975072015,22.129742272031674,,5827.763834072577,11738.801083410064,,1.7670802995750157,1.8083470010174756,0.09733315975072016,1.0000009957405769,0.0656086512796065,5261.555741767548,5356.913723603815,10357.081150451078,929.8323366629759,1.7598283825721215,56,0.3337666392326355,0.6138845682144165,0.034258685703794325,0.010000000000000002,0.2053987620437651,3,20,0.26931272360421693,0.08988760265996715,0.030001483048495745,0.24542921737426254,0.268628771289912,0.08965932219462622,0.029925290644776437,0.24480592011977464,0.035151805482711275
Btied_eta0.25,0,6,0.032093994540835044,0.41140276193618774,2354.908929650835,,816.0630273480081,4360.337442906098,9497.463824323391,0.27500700646907816,0.6665230989456177,True,2,0,9.896898579426333,20.979539582940316,,6602.637456748815,13235.996827220824,,1.990992878567069,3.6865123265138684,0.09896898579426333,0.9999911859622013,0.10000857889789776,2382.176319197968,4316.182579252298,9489.373961027222,832.0794328615187,2.0057757912700316,24,0.41140276193618774,0.6665230989456177,0.04032911888028773,0.010000000000000002,0.17914796828553498,2,14,0.19070937351952447,0.07845836299305244,0.03227798723233375,0.21471865811824328,0.18877815913634502,0.07766385606192151,0.031951124886489046,0.21254431422920267,0.03227798723233375
Btied_eta0.25,0,7,0.025468513052481965,0.5002782344818115,0.0,,873.6226599397743,6291.791256214232,15491.40743295002,0.2806106059392732,0.7286189198493958,True,2,0,8.82318495785834,22.122643110096853,,7783.873609463491,15202.394805285798,,2.323310513293437,inf,0.0882318495785834,0.9999926138273999,0.17895866393858464,0.0,6301.147645955802,15447.532223761438,849.0846037523085,2.3167918671733863,18,0.5002782344818115,0.7286189198493958,0.053796452165694196,0.010000000000000002,0.15958857431684126,2,12,0.24514111242148365,0.12263876292112712,0.06135350379321492,0.3539479428989685,0.24550565658642745,0.12282113643235584,0.061444741291428684,0.3544742914008707,0.06135350379321492
Btied_eta0.25,0,8,0.02084566093596168,0.4723871946334839,891.6540597969813,,399.80663400384,2736.9710236824694,12159.480948740793,0.12080901410995182,0.5864789485931396,True,2,0,15.66804685316095,21.783026125865277,,6272.168218158664,14714.642139764632,,4.296601685945088,13.188606259937275,0.1566804685316096,1.0000198247961187,0.10336740552645708,909.9241527186609,2707.982334548509,12335.654366837078,439.3767008382822,4.393041089753717,33,0.4723871946334839,0.5864789485931396,0.04338969473858315,0.010000000000000004,0.14438026505018503,4,12,0.09647573286961698,0.04557390080048776,0.021528527147647098,0.12864180566731276,0.09545390801106751,0.045091203822150816,0.02130050727619245,0.12727929313727374,0.021528527147647098
Btied_eta0.25,0,9,0.017469757873936613,0.4092187285423279,,,628.3340701505128,14195.644674499268,92588.86279428715,0.059177556913141416,0.47606217861175537,False,0,0,20.511837952705953,21.842171503195623,,6070.942583563609,15625.02270016122,,6.478080484032715,,0.20511837952705955,1.0000129714008499,0.08053440907906934,,14161.290615938813,92588.86279428715,574.9011046861995,6.497568914095825,11,0.35778936743736267,0.47606217861175537,0.040969646086058444,0.010000000000000002,0.1321732116350988,0,11,0.4580771357078259,0.16389512862242195,0.05863993439588155,0.445682342153207,0.4569685697281785,0.16349849550180134,0.05849802328254999,0.4446037720964912,0.07670958239087611
Btied_eta0.25,0,10,0.014915940764391107,0.45853376388549805,,,13240.512807923642,18115.710208456036,137099.72976021437,0.03326132368934864,0.4934634566307068,False,0,0,20.497743602346677,23.686010326868608,,6562.167385426024,16706.614974718796,,6.837116266878448,,0.20497743602346688,1.0000018153907464,0.08329774996377169,,18165.331014222324,137099.72976021437,13224.773987579847,6.819306274994282,17,0.45853376388549805,0.4934634566307068,0.03915486368406891,0.010000000000000002,0.12213083461759813,0,13,0.5401579119749215,0.2476806404703923,0.11356993631645979,0.6927576266761459,0.5416374604179475,0.24835906338682393,0.11388101612983736,0.6946551615362678,0.11356993631645979
Btied_eta0.25,0,11,0.012928901365682022,0.49227654933929443,,,0.0,0.0,0.0,0.0,0.42911216616630554,False,0,0,18.128959294503534,20.194225703050623,,8718.627537885219,19215.38838417985,,,,0.18128959294503535,0.9999919490972999,0.09318452280234574,,0.0,0.0,0.0,,30,0.2649241089820862,0.42911216616630554,0.057541733468255474,0.010000000000000002,0.11370532690108244,0,8,0.0,0.0,0.0,0.0,0.0,0.0,0.0,0.0,0.0
Btied_eta0.25,0,12,0.011346940587594249,0.4708276689052582,,,0.0,0.0,0.0,0.0,0.4489494562149048,False,0,0,25.1787968522726,20.14610188055206,,6437.935610058625,18505.888768199107,,,,0.2517879685227261,0.999992006492503,0.0880476205022284,,0.0,0.0,0.0,,41,0.4521733522415161,0.4489494562149048,0.04653311376442759,0.009999999999999997,0.10652201926172002,0,6,0.0,0.0,0.0,0.0,0.0,0.0,0.0,0.0,0.0
Btied_eta0.25,0,13,0.010063188817629107,0.43852224946022034,18976.23294928712,,813.3173202243967,13645.879603498099,82199.81702889992,0.08690265919818341,0.528389573097229,False,1,0,21.890888323380505,24.162779320017435,,7025.785475315259,18833.95927643207,,5.964181282078162,4.288864914663317,0.21890888323380497,0.999979402059561,0.10033598537062556,18982.86598336879,13568.094989359051,82199.81702889992,800.2863942556643,5.999333782559959,48,0.43852224946022034,0.528389573097229,0.03605089516654938,0.010000000000000002,0.10031544655549866,1,7,0.33420227198913155,0.14655513208739035,0.06426768619290213,0.4054156718962757,0.33229724310668385,0.1457197345365727,0.06390134577972402,0.4031047104543844,0.06426768619290213
Btied_eta0.25,0,14,0.009004479143074047,0.3951982259750366,70386.72217353199,,12010.192872783438,20041.32825161533,142427.77555129665,0.11200715273740514,0.5178680419921875,True,1,0,21.673256969052847,25.32755256541499,,9810.573596477127,22815.903122836175,,6.507432094377356,1.8528719430488703,0.2167325696905285,1.0000028298688333,0.1165257304439685,70386.72217353199,20031.81298967065,142427.77555129665,12009.029300198847,6.510581259836435,42,0.3720763623714447,0.5178680419921875,0.021459855687182262,0.010000000000000002,0.09489193402536407,2,9,0.46429697222484057,0.17275392848549437,0.06427765329625945,0.4696243102908543,0.4640765323789693,0.17267190802952087,0.06424713542336077,0.4694013411207521,0.07251466155407149
Btied_eta0.25,0,15,0.008119209756963888,0.48893287777900696,15945.5466332122,,15131.571496927407,20549.38043624581,59071.87278778455,0.06290902780413798,0.5495066046714783,False,1,0,23.450343888469966,21.51411478293595,,7826.976940059441,20987.49050630007,,2.138278641888079,2.7556472224875654,0.23450343888469988,1.0000138643979144,0.1495666064108999,15960.287334593573,20522.840334643734,59071.87278778455,15148.984157018971,2.140195407388188,35,0.48893287777900696,0.5495066046714783,0.044631932044463765,0.010000000000000002,0.090106657672804,1,4,0.45205956746997483,0.22102678525062797,0.1080672621788321,0.6317827729810241,0.451475719850429,0.22074132295381899,0.10792769027655588,0.6309668077971892,0.1080672621788321
Btied_eta0.25,0,16,0.007370054103067009,0.39507901668548584,,,16123.757079306397,23253.027622714184,112709.1125576994,0.08410210550208408,0.49009135365486145,False,0,0,18.555978360438306,23.46083000543804,,11198.680987537487,25357.207994752374,,4.153667945762289,,0.1855597836043831,1.0000052598868623,0.10673656763380941,,23244.412046593625,112709.1125576994,16145.108192401725,4.154288960793428,54,0.34901776909828186,0.49009135365486145,0.026106870536036324,0.01,0.08584901923182937,1,6,0.4873656288038695,0.17009926450030788,0.059367665821156025,0.46299696698093784,0.48718505293471254,0.17003624031330172,0.05934566926000791,0.46282542004617594,0.07607164819017778
Btied_eta0.25,1,1,0.47168346259628857,0.42547735571861267,337.6706556366037,3993.286460439528,266.02797251628795,1326.0174583237422,2740.370100561051,0.629180992522115,0.8604514002799988,True,20,0,3.211350656312719,17.316475472741345,,2588.208507231893,4388.49135052875,,1.8659951364235066,7.327678869163017,0.03211350656312721,0.9999919441716659,0.07932858539764112,316.74991342811825,1302.5794723566182,2613.3120070905957,289.366925048432,1.7841100150593479,13,0.4161558151245117,0.8604514002799988,0.0718829205657188,0.010000000000000002,0.686792153854635,20,33,0.22233847320581338,0.09252744855050467,0.03850583577292659,0.2536096794957488,0.21840853549478415,0.09089198211898275,0.037825226907007806,0.2491270084179017,0.040250151747134984
Btied_eta0.25,1,2,0.16676528748769345,0.3822767436504364,961.6914372746951,,600.9219031081001,2447.096885295165,4827.0335347588425,0.6524565886496836,0.8936374187469482,True,8,0,2.9079407947686375,19.030013087169145,,4508.37885122248,7402.0148541106355,,1.7269899107983193,4.394456961816128,0.029079407947686375,1.0000018910723565,0.11852412473021635,969.0875086439933,2438.3838671419576,4780.9146442228775,676.3959927798749,1.6832947046413698,6,0.3822767436504364,0.8936374187469482,0.060608968690522604,0.01,0.4083690579459877,9,25,0.24397427972425473,0.09326569318744879,0.03565330548599861,0.2537142498049758,0.24310559637096085,0.09293361574388827,0.03552636000223453,0.25281088677200314,0.03565330548599861
Btied_eta0.25,1,3,0.09077552470075399,0.4214264750480652,915.5935214697337,,598.9300617779171,2892.903609108669,5875.940406391225,0.477321557264343,0.778826892375946,True,7,0,6.080286602662334,21.055871274464533,,4990.25935394659,8836.843195159705,,1.8241224242653575,5.763485892891115,0.060802866026623374,1.0000065265091895,0.09077088061326835,910.4559872970493,2889.717731594779,5833.643748306814,598.6490251276077,1.8115937989175557,62,0.4214264750480652,0.778826892375946,0.045086762835395595,0.010000000000000002,0.301289768662585,8,24,0.21279352030066118,0.08967682317337654,0.037792187483464725,0.24625745776681737,0.21255917647762715,0.08957806448208602,0.0377505679563138,0.24598626100282672,0.037792187483464725
Btied_eta0.25,1,4,0.05896043282453607,0.4231906831264496,5589.044679360417,,593.3511718247947,5839.605255950539,9715.183639385088,0.15356077385706168,0.5755192637443542,True,5,0,7.797856637254984,20.28516434586288,,5362.711875704543,10193.114408989817,,1.5620631990946947,1.632091527420774,0.07797856637254987,0.9999986752731376,0.10178720719546308,5573.571463426536,5857.26067408472,9667.063294619687,453.43414747080203,1.5730269933032552,32,0.4231906831264496,0.5755192637443542,0.0746197518102686,0.010000000000000002,0.24281769462816352,6,18,0.3461815150850627,0.146500791854597,0.0619977701835127,0.40256828264447636,0.347228157645863,0.1469437212348913,0.06218521377053622,0.4037854045296252,0.0619977701835127
Btied_eta0.25,1,5,0.04218865144911123,0.47877010703086853,650.7724506752492,,681.666486044579,4873.659225763896,10708.890585186175,0.2201898027017739,0.670376718044281,True,4,0,9.612593239018164,19.956021291605797,,5958.89938778096,11615.11181439508,,2.057432338751574,15.40818774479041,0.09612593239018166,0.999996459249757,0.09702550462218779,690.9997991795049,4824.576215437281,10551.551334791453,717.9680665210387,2.0382273652980603,41,0.46903330087661743,0.670376718044281,0.04434512525482978,0.01,0.2053987620437651,3,15,0.24439540322145478,0.11462958269203084,0.0537650915481524,0.322812537749662,0.24193407764565691,0.11347513903268232,0.05322361902793208,0.31956146696486704,0.05602051360309748
Btied_eta0.25,1,6,0.032093994540835044,0.544606626033783,0.0,,480.38367423540774,2754.9133261371335,7198.577608484477,0.27092110532706215,0.7517773509025574,True,2,0,14.4071793774435,22.438903956545754,,5682.879714039697,12786.447766972089,,2.438622613100189,inf,0.14407179377443502,1.0000049633253925,0.12998871895717867,0.0,2739.3809248940884,7135.198482752979,504.9142104210813,2.42035863361655,27,0.544606626033783,0.7517773509025574,0.0412039713163376,0.010000000000000002,0.17914796828553498,3,17,0.1204924622022004,0.06562099330244349,0.035737627759429215,0.19827898835511318,0.11981311695676895,0.06525101738041697,0.03553613642082062,0.1971610770306524,0.035737627759429215
Btied_eta0.25,1,7,0.025468513052481965,0.4221329987049103,11725.57822903349,,5553.974668444461,9491.806572643516,14915.85206588191,0.09867367049164866,0.5261796116828918,False,4,0,9.99291128639819,19.545539584758863,,7721.021851467931,15243.133331094845,,0.9863114387960098,0.7984149876938841,0.09992911286398191,1.0000015585068016,0.11456367634341502,11714.38909156151,9486.919770232327,14835.129991130016,5569.743206358309,0.9766485865985989,49,0.3753681480884552,0.5261796116828918,0.0472959255808232,0.010000000000000002,0.15958857431684126,3,11,0.36982028286606494,0.13881875470498345,0.052108138873555164,0.3774261726994403,0.3696298830052813,0.1387472846618448,0.05208131129581841,0.37723185698970924,0.065900594457702
Btied_eta0.25,1,8,0.02084566093596168,0.4621126651763916,1570.3834192134225,,784.5674724025349,9688.450099813506,29825.379616955306,0.19412192469008005,0.6384899020195007,True,4,0,12.877833934367175,23.198556926764056,,7521.3596225657175,15881.702885399742,,2.997467277569173,18.492816333414172,0.12877833934367178,1.0000102701132056,0.11452498237282002,1512.6844444444444,9688.206237605893,29966.90780930427,732.2153423677497,3.0175547206518667,59,0.4621126651763916,0.6384899020195007,0.04056019199832024,0.010000000000000002,0.14438026505018503,5,11,0.34150903157630996,0.15781564876353707,0.07292861005665943,0.4423998397016731,0.3415004356558581,0.1578116764798274,0.07292677441404752,0.44238870431877436,0.07292861005665943
Btied_eta0.25,1,9,0.017469757873936613,0.4407977759838104,2928.410501525575,,894.0594620539352,8427.750719877811,53783.23949150627,0.2197667497335969,0.6434814929962158,True,1,0,18.933370581364493,22.197868232783218,,6293.299039071175,15576.331496454728,,6.275598530068903,18.060712458823435,0.189333705813645,0.9999998636925994,0.0917973988138156,2778.795099045929,8399.033513883283,53783.23949150627,884.2198151033355,6.2982270030192,56,0.4407977759838104,0.6434814929962158,0.029302299060536177,0.009999999999999998,0.1321732116350988,3,10,0.2719538280044595,0.11987664255464944,0.052841357430495686,0.3319874237254301,0.27102715677753486,0.11946816793875288,0.05266130272826264,0.330856190546899,0.052841357430495686
Btied_eta0.25,1,10,0.014915940764391107,0.5366825461387634,0.0,,256.7325887678549,1659.371924837712,89453.73554394768,0.052950353962586405,0.5839299559593201,False,1,0,21.226270616455242,22.243106931111207,,6350.56388229702,16184.122190129414,,53.75347239522771,inf,0.21226270616455256,0.999995735912096,0.11650201582011016,0.0,1443.5814017500825,89453.73554394768,274.5083894746493,61.77637578757892,46,0.5366825461387634,0.5839299559593201,0.041728930515482515,0.009999999999999998,0.12213083461759813,1,10,0.04947765579136721,0.02655379428708829,0.014250957927639493,0.07950152385579314,0.043043408553266556,0.02310064609685812,0.012397713564712304,0.06916286790873467,0.014250957927639493
Btied_eta0.25,1,11,0.012928901365682022,0.4401836097240448,,,41034.17319151335,108245.87447667908,617656.440544862,0.012581675981557794,0.4542493522167206,False,0,0,19.562879958899426,22.174903001321578,,7187.248131071456,17965.208148744943,,5.3269676109233925,,0.19562879958899426,0.9999984298235627,0.06816059959633018,,108245.87447667908,617656.440544862,41034.17319151335,5.3269676109233925,28,0.3208634555339813,0.4542493522167206,0.032292041309918806,0.009999999999999998,0.11370532690108244,0,10,3.004915171646565,0.9641674655610034,0.3093661047133445,2.643450727588178,3.004915171646565,0.9641674655610034,0.3093661047133445,2.643450727588178,0.5822372023820609
Btied_eta0.25,1,12,0.011346940587594249,0.37721139192581177,,,11891.550388113887,17238.635173392846,32600.38703429407,0.059057921782368794,0.44871166348457336,False,0,0,13.178958474912829,21.12989710222155,,10143.6739958463,21196.65811779669,,1.2013037249110914,,0.13178958474912836,1.0000029108353394,0.07929752854049003,,17227.580892420185,32600.38703429407,11792.819570510206,1.2078055296166863,20,0.37721139192581177,0.44871166348457336,0.04195312591598234,0.009999999999999997,0.10652201926172002,1,7,0.44831402050437424,0.16910915569431192,0.06378990000685023,0.4598330558753183,0.44802653897832584,0.16900071438771824,0.06374899471064777,0.45953818776371697,0.06378990000685023
Btied_eta0.25,1,13,0.010063188817629107,0.3977842628955841,18253.906167186076,,9172.306327309536,15739.22137903387,37234.8849052512,0.14748021330359773,0.5529066920280457,True,1,0,14.99489624667611,23.06655573411714,,10478.292551493996,22486.819716258,,1.782971209447735,1.537346490165926,0.14994896246676112,0.9999958054983351,0.12305814172373608,18236.164888713287,15750.306671933056,37234.8849052512,1589.0515136650868,2.2631834499519146,26,0.3977842628955841,0.5529066920280457,0.04038075833657379,0.01,0.10031544655549866,1,8,0.3854704641293052,0.15333408444169436,0.06099388575640864,0.4181508453768082,0.38574195487817736,0.15344207918911745,0.06103684436740893,0.41844535324892057,0.06099388575640864
Btied_eta0.25,1,14,0.009004479143074047,0.4701169729232788,9424.408701779304,,7874.471285116568,14301.145940062164,31023.07103853907,0.146853357358669,0.6065152883529663,True,1,0,19.40261102970841,21.605352328199352,,9220.264103856107,21557.433185067108,,1.6186534876604357,2.456238952057767,0.19402611029708425,1.0000065735885169,0.15001487262923785,9359.745390693592,14323.089895311057,31023.07103853907,7900.247552097862,1.6143739692655923,8,0.4701169729232788,0.6065152883529663,0.03869725067094856,0.01,0.09489193402536407,1,3,0.3313143059158892,0.15575647858335498,0.07322376422479634,0.4389584451784398,0.3318226810022499,0.1559954743400645,0.07333612018648213,0.43963199151643884,0.07322376422479634
Btied_eta0.25,1,15,0.008119209756963888,0.460056334733963,,,0.0,0.0,0.0,0.0,0.3792671859264374,False,0,0,25.358324906723052,19.788259457843967,,7492.96796063916,21062.461048605364,,,,0.2535832490672306,0.9999669348516019,0.09896765622775236,,0.0,0.0,0.0,,12,0.3966587483882904,0.3792671859264374,0.0619954229768408,0.010000000000000002,0.090106657672804,0,6,0.0,0.0,0.0,0.0,0.0,0.0,0.0,0.0,0.0
Btied_eta0.25,1,16,0.007370054103067009,0.473638117313385,,,0.0,0.0,0.0,0.0,0.38371002674102783,False,0,0,27.142598521689006,21.54012179247084,,8049.061979969064,22720.330595026506,,,,0.27142598521689,1.0000076478480373,0.08441735257654705,,0.0,0.0,0.0,,25,0.39244383573532104,0.38371002674102783,0.04922217161189199,0.010000000000000004,0.08584901923182937,0,8,0.0,0.0,0.0,0.0,0.0,0.0,0.0,0.0,0.0
Btied_eta0.25,2,1,0.47168346259628857,0.4723363220691681,124.37751881697054,2995.5040707063545,237.103230252634,1211.0518435599918,2664.3384197112086,0.6154740222337827,0.8679574131965637,True,17,0,2.7409700746462176,15.996909210143215,,2684.3186043968453,4490.845550876759,,2.0042372276347034,19.515063594654965,0.02740970074646219,1.000000892944424,0.12867764590441252,111.96359701834783,1183.148096231541,2538.6560282054415,247.52867101859454,1.9364670952726404,32,0.4723363220691681,0.8679574131965637,0.11730907179966496,0.01,0.686792153854635,18,33,0.20306174415727374,0.09591343738819706,0.04530340025295244,0.2707258901296238,0.19838301497555447,0.09370350365454609,0.04425956828118315,0.26448811684715184,0.04530340025295244
Btied_eta0.25,2,2,0.16676528748769345,0.4393109381198883,646.6102122770992,,345.20830577581074,2054.6048696060993,5272.9946411948795,0.31508620779431507,0.6889258623123169,True,12,0,5.028437876557851,20.262350345021808,,3742.0577697078406,6635.6840766459645,,2.398410715518164,7.620953461383484,0.05028437876557854,0.9999949963883111,0.09299875127653268,586.7197230541917,2040.5583683637522,5231.182814250782,353.618904257458,2.3903084496938263,10,0.4393109381198883,0.6889258623123169,0.08001749814201112,0.010000000000000002,0.4083690579459877,12,31,0.20484303101862347,0.08998978412411286,0.03953349648477025,0.24903479617013205,0.20344260219055352,0.08937456042188331,0.0392632219829902,0.2473322461443151,0.03953349648477025
Btied_eta0.25,2,3,0.09077552470075399,0.4375096559524536,1376.3594207043761,,571.652938549508,3011.798939992095,6452.663821062357,0.23970110997028726,0.6383559107780457,True,9,0,6.397303817601558,20.648097319061645,,4690.162562391229,8617.902292067458,,1.9526571991317208,4.272874362645143,0.06397303817601559,0.9999949216648489,0.09152972502273711,1345.0887606087476,3026.0177307859053,6368.5239756670835,492.92593900573587,1.9416931952792493,21,0.35482677817344666,0.6383559107780457,0.06121636894465591,0.01,0.301289768662585,9,25,0.22153911276573168,0.07860800962206846,0.027892226792825846,0.2138149292656388,0.22258500538998188,0.07897912033224654,0.02802390681046399,0.2148243557939015,0.04240584259821861
Btied_eta0.25,2,4,0.05896043282453607,0.4088650941848755,1664.9950795231557,,698.7308486521706,3807.0747601016683,7872.586262711179,0.37366067287671,0.7286205291748047,True,4,0,4.828555880492399,20.968835778010007,,6606.129483729344,11552.834674575512,,1.8843484475906194,4.308634603360844,0.048285558804924,1.0000019492624062,0.16246914446006025,1589.4102910001927,3772.2510184458256,7856.51888653558,722.6952955684103,1.8911317290614236,6,0.4088650941848755,0.7286205291748047,0.07431019792314524,0.010000000000000002,0.24281769462816352,6,20,0.22568972571410054,0.09227665096065443,0.03772870158609286,0.25234491380709223,0.22362531637152278,0.09143258604036524,0.037383592902960665,0.2500366864566135,0.03772870158609286
Btied_eta0.25,2,5,0.04218865144911123,0.5012773275375366,0.0,,767.6516576207749,4444.599701836664,13892.283509022462,0.47437764318679854,0.8518548011779785,True,2,0,8.673654362402042,20.00442021803984,,6428.100856606746,12614.210860073284,,2.9529390118030494,inf,0.08673654362402045,1.0000020413407675,0.14775436175136678,0.0,4428.69244237891,13887.061748675536,780.5080906487501,2.9594635049857945,5,0.5012773275375366,0.8518548011779785,0.0418222102500351,0.010000000000000002,0.2053987620437651,2,15,0.2228797061858736,0.11172454347920609,0.056004980575607745,0.32273539985328875,0.22208201785576331,0.11132468040488053,0.055804538282328876,0.3215803271614675,0.056004980575607745
Btied_eta0.25,2,6,0.032093994540835044,0.46428629755973816,1607.7119303670756,,471.0222431930763,3083.842022562827,7846.373688220719,0.10601446875423814,0.5643861293792725,True,3,0,12.392584382611412,19.748590059953663,,5927.850555124887,12665.475620736957,,2.3916113053347514,4.587483183846057,0.12392584382611407,0.9999957352761432,0.11402000402575692,1440.9101940467021,3035.142157230971,7864.07818784,506.29436871812146,2.42419743061872,28,0.46428629755973816,0.5643861293792725,0.06412690438801458,0.010000000000000005,0.17914796828553498,3,14,0.13487891427140755,0.06262243172594914,0.02907473697022841,0.17579436858991765,0.13274891380022075,0.06163350169338132,0.028615590306861866,0.17301823349162462,0.02907473697022841
Btied_eta0.25,2,7,0.025468513052481965,0.42663970589637756,6325.292104695255,,572.7075260730251,4606.174844665136,13750.906730145553,0.11260743488970615,0.5427899360656738,True,2,0,14.993999589674921,21.025828623276183,,6247.557235561361,13733.832208653092,,2.860985448551849,2.083413538212784,0.14993999589674922,0.9999968245228492,0.07888560500783681,6247.85502788808,4568.632786760123,13802.903302397403,753.7917082597406,2.856239974452297,53,0.4215119183063507,0.5427899360656738,0.04117764730749976,0.009999999999999998,0.15958857431684126,3,11,0.17946603430522629,0.07564707239082928,0.031886142597717826,0.20773762378978747,0.17800331860747692,0.07503052029113413,0.03162625853943952,0.20604448400148812,0.032666665752571517
Btied_eta0.25,2,8,0.02084566093596168,0.4038551151752472,12136.577018245727,,6318.252981792758,10203.978946245097,35736.76272342681,0.1334233514970995,0.5445356369018555,True,2,0,13.145749496167907,22.675878763384688,,7477.856230671415,16056.192310113216,,2.8830429675141183,2.423954439328918,0.1314574949616791,0.999989994636165,0.08078829727578657,12105.929628540625,10211.072530783678,35736.76272342681,6334.667978948794,2.879432562626354,51,0.32015088200569153,0.5445356369018555,0.035648391449541676,0.010000000000000002,0.14438026505018503,2,13,0.3596809533265075,0.11515217444812935,0.03686607021444187,0.31579690357073503,0.3599309957131863,0.11523222573876338,0.03689169870574405,0.31601643871916124,0.058663587280415604
Btied_eta0.25,2,9,0.017469757873936613,0.5375070571899414,0.0,,100.0,500.0,900.0,0.011226387752802935,0.5050680041313171,False,1,0,20.241357411881854,23.20182204488149,,6486.08838243834,15939.484054199382,,1.6,inf,0.20241357411881855,1.0000227050996648,0.09350594893940646,0.0,183.1750570952981,569.8388273169197,39.01375467572727,2.8979113262403793,22,0.5375070571899414,0.5050680041313171,0.03901123661955509,0.01,0.1321732116350988,1,13,0.016134425248425146,0.00867236743473209,0.004661458698712727,0.025989170858150744,0.00591084853216019,0.0031771228000169083,0.001707725926568155,0.009521135711602438,0.004661458698712727
Btied_eta0.25,2,10,0.014915940764391107,0.4864075779914856,26837.085643172304,,17444.738288994697,23926.165872291633,211826.6545367736,0.023944666303066242,0.5104264616966248,False,1,0,17.959113640238535,21.71607841201024,,6987.055535591249,16902.190375893097,,8.124240101206032,7.243033719543692,0.17959113640238544,1.0000020202570714,0.08818520651786511,26289.88015978695,23966.786481056693,211826.6545367736,269.31190666756356,8.827105077158366,17,0.37749743461608887,0.5104264616966248,0.03404685882953552,0.009999999999999998,0.12213083461759813,2,9,0.7134088396440601,0.26931000679807343,0.10166383668271417,0.732308622303203,0.7146200283284233,0.26976722741925657,0.10183643629426438,0.7335518980624967,0.16878706098911087
Btied_eta0.25,2,11,0.012928901365682022,0.4646151661872864,,,0.0,0.0,0.0,0.0,0.4568711817264557,False,0,0,14.93414553559476,21.729716074721438,,8807.73547124477,19328.161995619,,,,0.14934145535594767,0.9999731503332809,0.10504893765285443,,0.0,0.0,0.0,,27,0.4344217777252197,0.4568711817264557,0.05267593787132973,0.010000000000000002,0.11370532690108244,1,9,0.0,0.0,0.0,0.0,0.0,0.0,0.0,0.0,0.0
Btied_eta0.25,2,12,0.011346940587594249,0.36584195494651794,,,11208.845804060857,16039.284672392989,73434.76866434087,0.05539998984556149,0.4350137412548065,False,0,0,16.981753542470106,22.45269619253545,,8825.847860523016,19897.896399102217,,3.879594640986953,,0.1698175354247011,0.999974729519225,0.06459967217660723,,16051.208964875772,73434.76866434087,1121.4955315286118,4.505160532832919,13,0.36584195494651794,0.4350137412548065,0.036363338867770136,0.010000000000000002,0.10652201926172002,0,7,0.4171232887736466,0.1526011994186718,0.05582792112251034,0.41481944136076226,0.4174333961255835,0.1527146496985477,0.05586942599468936,0.41512783593367264,0.05582792112251034
Btied_eta0.25,2,13,0.010063188817629107,0.43121927976608276,22261.421102254222,,11497.452060171632,17323.922475031275,44389.996204200565,0.09071717833355919,0.5259872078895569,False,2,0,17.29778373246384,22.381942766042222,,9513.208263657638,21693.02208584769,,1.8986776344350702,1.4775581483743725,0.1729778373246385,0.9999982603082201,0.1307608629677556,22227.676447264075,17322.046671893488,44389.996204200565,11532.23565173736,1.89687518887579,61,0.43121927976608276,0.5259872078895569,0.047412758607755914,0.010000000000000002,0.10031544655549866,2,7,0.4242814988221685,0.18295836234016957,0.07889517323550993,0.5044133330701802,0.42423555838529897,0.18293855193807057,0.07888663060818492,0.5043587161025577,0.07889517323550993
Btied_eta0.25,2,14,0.009004479143074047,0.42789027094841003,1056716.3636363635,,10441.77462119619,16110.015514263072,61188.94646143397,0.06726928227311912,0.5003578662872314,False,1,0,23.666905902771287,22.473892793006915,,7607.354399093218,20079.265181536615,,3.1500386697522758,0.04802345604416215,0.23666905902771287,1.000013065093863,0.09365564125774294,1056716.3636363635,16092.010409851087,61188.94646143397,10362.027463375627,3.1585188987289925,12,0.42789027094841003,0.5003578662872314,0.03549782763762295,0.01,0.09489193402536407,1,7,0.37322034407398513,0.15969735414927633,0.06833294413667804,0.4396576786532328,0.37280322025074736,0.15951887092353206,0.06825657290085459,0.43916630219225583,0.06833294413667804
Btied_eta0.25,2,15,0.008119209756963888,0.463148832321167,,,24890.01340578158,48372.76706879375,460023.15617550194,0.033495225684053054,0.49799805879592896,False,0,0,17.34678765236966,23.90890430654351,,10099.51134693933,23793.26711277345,,8.995415584783313,,0.17346787652369663,1.0000002801046093,0.10873180117309217,,48372.76706879375,460023.15617550194,540.743183501979,9.498782906889387,25,0.32854294776916504,0.49799805879592896,0.022422903832286845,0.010000000000000002,0.090106657672804,1,6,1.064137783924337,0.3496149643630485,0.11486353097604754,0.956023297903534,1.064137783924337,0.3496149643630485,0.11486353097604754,0.956023297903534,0.22826483429114358
Btied_eta0.25,2,16,0.007370054103067009,0.38631319999694824,,,17926.931947993486,31201.654897651024,239401.73325531263,0.04198969731927438,0.4372928738594055,False,0,0,20.92592179124816,22.981763571032122,,9749.71178736602,24045.684688424088,,7.098174825463908,,0.20925921791248167,0.9999952725022268,0.11625179871140115,,31201.654897651024,239401.73325531263,17864.24631567907,7.10018387378266,49,0.2510259449481964,0.4372928738594055,0.02104063555216852,0.01,0.08584901923182937,1,8,0.6539627615657583,0.16416162018297653,0.041208825830658595,0.47313214057129027,0.6539627615657583,0.16416162018297653,0.041208825830658595,0.47313214057129027,0.09759602168839393
Btied_eta1,0,1,0.47168346259628857,0.4160224497318268,173.7461679202413,,100.0,500.0,900.0,0.6357685867036578,0.8490986227989197,True,17,0,2.2991075887785972,15.733628377401844,,603.0617576463526,1464.5724073362355,,1.6,4.6044180978267235,0.022991075887785983,1.0000007562018995,0.11210717351481177,90.46081154788133,348.08016922170697,692.3641075536289,74.52747663205845,1.7749837122379821,28,0.39170923829078674,0.8490986227989197,0.09612487210136739,0.010000000000000002,0.686792153854635,18,31,0.3353477313743335,0.13135880441918354,0.051454457221826816,0.35780521333528253,0.23345579016978707,0.09144678974198103,0.03582055235396912,0.24908979841230822,0.05804020085397159
Btied_eta1,0,2,0.16676528748769345,0.4692191183567047,89.50481544373706,,112.24365926923336,561.2182963461673,1083.2507112372405,0.4949937632968675,0.7975332140922546,True,11,0,5.028911953999232,18.55500628195482,,922.698826795506,1871.9033889308853,,1.7301771134151982,10.84865710469382,0.05028911953999235,1.0000039628801836,0.11745368017624175,64.7547484474873,490.33029609145603,1046.1912703647615,107.33561831698941,1.9147412663088994,15,0.4692191183567047,0.7975332140922546,0.07540877743150765,0.010000000000000002,0.4083690579459877,12,26,0.22381268259857082,0.10501718960595038,0.049276073119202936,0.29578035702922295,0.19554269638402844,0.09175237159840662,0.04305196690854111,0.2584200675288014,0.049276073119202936
Btied_eta1,0,3,0.09077552470075399,0.3932177722454071,410.4466951637283,,136.83990163201392,684.1995081600701,1628.5551926851522,0.3725926375349067,0.7122081518173218,True,8,0,6.040677796269007,21.778786809740566,,1273.565258731314,2472.397718383474,,2.1802343808527676,3.6343703302522368,0.06040677796269009,0.9999954756617938,0.09955253374921298,358.2410064172917,683.2544630199983,1429.3252038490514,121.87182796695772,1.9135672676079185,9,0.3932177722454071,0.7122081518173218,0.05913203446903112,0.01,0.301289768662585,10,24,0.2013108511060566,0.07915900440075042,0.031126727363627458,0.2156767117954225,0.20103279209079494,0.07904966665421649,0.03108373381851305,0.21537881004910725,0.031126727363627458
Btied_eta1,0,4,0.05896043282453607,0.3648515045642853,1351.3185716537537,,273.05611058846614,1251.7488404373894,2023.365937981089,0.21650836808575402,0.5874534845352173,True,4,0,6.011637314584472,20.714420298532925,,1554.4368806589255,2863.119439408704,,1.398291550868164,1.2952606913783333,0.06011637314584474,0.9999982782381758,0.07142528937870447,1247.3271983571574,1198.9388691614326,2007.344353809897,168.57031791748747,1.5336678818149363,36,0.30085521936416626,0.5874534845352173,0.042696236690874675,0.01,0.24281769462816352,7,19,0.296823015320785,0.08930075338666804,0.02686659774953133,0.24712060475451483,0.28430036348620746,0.08553324822195515,0.025733124156746,0.23669484551496733,0.039512076651341696
Btied_eta1,0,5,0.04218865144911123,0.36128121614456177,1266.6719377778545,,256.37684219368566,1289.9110925121572,2690.687331936162,0.24644336506509035,0.6139749884605408,True,2,0,9.733315975072015,22.235961168545334,,1461.9380196061115,2914.472095186745,,1.887192461459923,1.921816073397056,0.09733315975072016,1.0000000814692964,0.06239058997135756,1341.673257213633,1375.0370354822967,2471.551854310364,215.22407988790857,1.6409214560763046,56,0.3337666392326355,0.6139749884605408,0.0339950398717221,0.010000000000000002,0.2053987620437651,3,20,0.25873646635597425,0.08635760082256139,0.028823286198739792,0.2357908961525747,0.27581143051991447,0.09205665422657741,0.03072544010020553,0.25135159835544607,0.03377134884275058
Btied_eta1,0,6,0.032093994540835044,0.41140276193618774,713.6403114367099,,227.73665621332475,1169.9778535830967,2620.403047062461,0.267733401331153,0.6610462069511414,True,3,0,9.896898579426333,20.997828700000426,,1639.820534354922,3430.888119087834,,2.0450527191788415,3.3527623825400075,0.09896898579426333,0.999995453329921,0.09899896145495143,664.7560194511734,1149.0678304378039,2452.0140642388524,224.25931968693266,1.9387495546743554,24,0.41140276193618774,0.6610462069511414,0.04058624667978246,0.010000000000000002,0.17914796828553498,3,13,0.20468667520359657,0.08420866351029502,0.03464367674709044,0.2304556269222993,0.2010284836378908,0.082703673396472,0.034024519657576996,0.226336888710161,0.03464367674709044
Btied_eta1,0,7,0.025468513052481965,0.5002782344818115,0.0,,350.52389258123645,1711.435523037248,3925.3136762003146,0.27388375954257427,0.7239891886711121,True,2,0,8.82318495785834,22.154625667297246,,1978.9106345788791,3852.7347297755664,,2.088766848356037,inf,0.0882318495785834,0.9999983353977928,0.17582815713099428,0.0,1684.3571436388577,3881.7528835594417,165.64051142902292,2.206249658016227,18,0.5002782344818115,0.7239891886711121,0.05353355165499096,0.010000000000000002,0.15958857431684126,2,13,0.2667241749577265,0.13343629934146922,0.06675527625033673,0.38511073118324596,0.26250405780635966,0.131325066583677,0.06569907245368828,0.3790174987190367,0.06675527625033673
Btied_eta1,0,8,0.02084566093596168,0.4723871946334839,320.61683649140684,,139.27480342313098,696.374017115655,3163.0707888234033,0.12365526813754357,0.5888994932174683,True,2,0,15.66804685316095,21.660900716385033,,1551.0994102857458,3732.600993949466,,4.342201045818278,9.431182774087773,0.1566804685316096,1.0000086156664172,0.10566870964691935,215.0142412841612,644.9068496042481,3088.685632713214,78.1244777185348,4.668210853772344,33,0.4723871946334839,0.5888994932174683,0.043991814737034216,0.010000000000000004,0.14438026505018503,4,12,0.0981861964504105,0.04638190189294155,0.021910216516972135,0.13092255666050634,0.09092951355326286,0.04295393781681319,0.020290890183745497,0.12124641569451042,0.021910216516972135
Btied_eta1,0,9,0.017469757873936613,0.4092187285423279,,,1953.8633599706177,3629.288501676292,23350.73826648296,0.06349728517851094,0.48057693243026733,False,0,0,20.511837952705953,21.80892323837963,,1479.954642255401,3911.7229415747333,,5.895611466718497,,0.20511837952705955,1.0000040245732733,0.08239393580253712,,3594.200886749178,23090.545446810094,129.4301279389829,6.388378402421071,11,0.35778936743736267,0.48057693243026733,0.040076779246677026,0.010000000000000002,0.1321732116350988,0,10,0.46845187228212026,0.16760709905866802,0.059968037950212216,0.45577635587975823,0.46392292428062387,0.1659866896180559,0.05938827268146608,0.45136995356134074,0.0784469354434351
Btied_eta1,0,10,0.014915940764391107,0.45853376388549805,,,4336.013648222968,5879.246070494541,59601.99630679944,0.023432621335005344,0.48340609669685364,False,0,0,20.497743602346677,23.64491626266621,,1695.717150251689,4301.592144984744,,9.400181927395955,,0.20497743602346688,0.9999992074418305,0.08467796435506676,,5817.035864547785,59601.99630679944,4251.256048254712,9.515282619432101,17,0.45853376388549805,0.48340609669685364,0.03881885757446779,0.010000000000000002,0.12213083461759813,0,13,0.7012082319450512,0.32152764986125965,0.14743128348414192,0.899306183986033,0.6937885206423072,0.3181254617106687,0.1458712653460048,0.8897903341229475,0.14743128348414192
Btied_eta1,0,11,0.012928901365682022,0.49227654933929443,,,0.0,0.0,0.0,0.0,0.4309917390346527,False,0,0,18.128959294503534,20.18235725408503,,2235.8618913718456,4856.518930656077,,,,0.18128959294503535,1.0000022672869566,0.0929193619658203,,0.0,0.0,0.0,,30,0.2649241089820862,0.4309917390346527,0.056878631434443355,0.010000000000000002,0.11370532690108244,0,10,0.0,0.0,0.0,0.0,0.0,0.0,0.0,0.0,0.0
Btied_eta1,0,12,0.011346940587594249,0.4708276689052582,,,0.0,0.0,0.0,0.0,0.45252877473831177,False,0,0,25.1787968522726,20.172439161701124,,1631.453680730532,4786.187160452724,,,,0.2517879685227261,0.9999973142372317,0.08602057448058724,,0.0,0.0,0.0,,41,0.4521733522415161,0.45252877473831177,0.04474549632074449,0.009999999999999997,0.10652201926172002,0,6,0.0,0.0,0.0,0.0,0.0,0.0,0.0,0.0,0.0
Btied_eta1,0,13,0.010063188817629107,0.43852224946022034,4846.586156851985,,1445.2209564560478,3602.241182633711,20533.564375588754,0.08772219200635956,0.5291673541069031,False,1,0,21.890888323380505,24.215907166854564,,1854.8300464855947,4780.997353589899,,5.299018708452115,3.9385131722348676,0.21890888323380497,0.9999957750309251,0.10150560589697823,4822.0494983277595,3568.9397230766467,20549.188826053356,139.39129740090507,5.718728561506201,48,0.43852224946022034,0.5291673541069031,0.036364008598309884,0.010000000000000002,0.10031544655549866,1,7,0.35289104769190266,0.15475057604822706,0.06786157071393342,0.428086740268618,0.34962869340829256,0.15331996110924218,0.06723421423277837,0.42412922811293613,0.06786157071393342
Btied_eta1,0,14,0.009004479143074047,0.3951982259750366,8336.508953562878,,2460.1051525851394,4777.914937493411,34646.91873475638,0.124267148685405,0.5295713543891907,True,1,0,21.673256969052847,25.397992372537594,,2319.145617880717,5690.458495323122,,6.736581543047955,3.8609463219511277,0.2167325696905285,1.0000020535735434,0.11701062429179786,8263.421252577878,4763.534873009126,34646.91873475638,229.27044359327246,7.225232775386709,42,0.3720763623714447,0.5295713543891907,0.02165782584696529,0.010000000000000002,0.09489193402536407,2,8,0.442759364284596,0.16474029366890583,0.061295969204330024,0.4478395800872852,0.4414267938448272,0.16424447570707293,0.06111148706069282,0.44649171974976964,0.06915088267137225
Btied_eta1,0,15,0.008119209756963888,0.48893287777900696,3773.591710477036,,3648.2460793014534,4953.309733111112,13558.472705910764,0.0715824451539957,0.5573444366455078,False,1,0,23.450343888469966,21.545497445239718,,2045.5164687846045,5374.930022652515,,2.0007282323499727,2.626205320277353,0.23450343888469988,0.9999998475572184,0.15204399209589997,3733.4991583664805,4939.467617668436,13312.9509909965,3596.289359823687,1.9671475517759025,35,0.48893287777900696,0.5573444366455078,0.04410408372255947,0.010000000000000002,0.090106657672804,1,4,0.43586541452032335,0.21310893144576146,0.10419596313218527,0.6091503864708345,0.4346473805772954,0.2125133946047643,0.1039047855906931,0.6074481044764105,0.10419596313218527
Btied_eta1,0,16,0.007370054103067009,0.39507901668548584,,,4134.381772518581,5937.484796569602,30877.618566116893,0.08051771720658962,0.4864203929901123,False,0,0,18.555978360438306,23.556779645522557,,2714.639322850893,6331.206659016765,,4.50413562474287,,0.1855597836043831,1.0000017366414444,0.10743909207618767,,5916.949379149372,30877.618566116893,246.02967360870258,5.176922587921789,54,0.34901776909828186,0.4864203929901123,0.026106338386586013,0.01,0.08584901923182937,1,6,0.497780514149803,0.17373424454915998,0.06063633844852315,0.4728910999308878,0.4960588877386283,0.17313336633991108,0.06042662127643133,0.4712555561839795,0.07769728087158241
Btied_eta1,1,1,0.47168346259628857,0.42547735571861267,156.0040858844272,993.355403131717,100.0,500.0,900.0,0.6346924788476072,0.858007550239563,True,18,0,3.211350656312719,17.297555137321332,,562.8086074825882,1270.7942476369267,,1.6,5.128070815995585,0.03211350656312721,0.9999960080553845,0.08283723265830735,82.72875038005272,314.5990181604104,682.6179955487402,74.97544714281672,1.931482659923921,13,0.4161558151245117,0.858007550239563,0.0719802341969735,0.010000000000000002,0.686792153854635,20,34,0.3353477313743335,0.13955690850024155,0.05807741901317492,0.38251333404968024,0.21100013406537277,0.08780893278335646,0.036542197997671166,0.24067663865058903,0.060708328528368535
Btied_eta1,1,2,0.16676528748769345,0.3822767436504364,275.64530689667856,,127.73050688135126,638.6525344067568,1564.3144500552482,0.6500546507912324,0.8922929763793945,True,8,0,2.9079407947686375,19.010679257655664,,1205.3149420659036,1945.5195099840466,,2.249398328166563,5.211711961823383,0.029079407947686375,1.0000010081966615,0.11779492857064909,250.19730749898767,649.9622833674055,1237.3482579634044,173.65215871124104,1.6365504991170168,6,0.3822767436504364,0.8922929763793945,0.06041773951534801,0.01,0.4083690579459877,8,25,0.25469329475635233,0.09736332334905913,0.03721973420086283,0.2648611906242729,0.25920359898356493,0.09908750776191076,0.03787884980366059,0.2695515557508461,0.03721973420086283
Btied_eta1,1,3,0.09077552470075399,0.4214264750480652,267.5488997827939,,141.18237837244476,705.9118918622246,1657.1776960144925,0.47123252189502907,0.7787964940071106,True,7,0,6.080286602662334,21.04922877549382,,1274.5111482427942,2425.2493414925243,,2.147570164376732,5.666236410887089,0.060802866026623374,1.0000064068765226,0.09246264969271195,196.80050399354474,665.4354002199443,1458.3953273190336,122.04813521194174,2.0082297870918695,62,0.4214264750480652,0.7787964940071106,0.04593066605248745,0.010000000000000002,0.301289768662585,8,23,0.20769924862825914,0.08752996221953895,0.03688744343927061,0.24036206024979373,0.19578991971890788,0.08251105571708302,0.0347723433633448,0.22657986868314295,0.03688744343927061
Btied_eta1,1,4,0.05896043282453607,0.4231906831264496,1430.4502467497,,492.95516877121463,1495.2735366680206,2522.310874196355,0.1584632005188622,0.5806113481521606,True,5,0,7.797856637254984,20.382071346783246,,1374.8731054931905,2709.735557772165,,1.3571802453932524,1.4186831803736526,0.07797856637254987,0.9999958587896912,0.1024760912195609,1360.1229782416597,1449.7727399956755,2383.131521486437,139.8281575793199,1.547348285713945,32,0.4231906831264496,0.5806113481521606,0.07381282772763828,0.010000000000000002,0.24281769462816352,6,17,0.3545692119260054,0.1500503870105731,0.06349992578239257,0.41232218504960944,0.34377976021533774,0.1454843915705758,0.061567639052987864,0.39977532492979134,0.06349992578239257
Btied_eta1,1,5,0.04218865144911123,0.47877010703086853,209.7791737723688,,216.7247687554779,1120.1757563651631,2808.498615496773,0.23221157382247437,0.6792857646942139,True,4,0,9.612593239018164,20.019108307849653,,1493.6994261024342,2942.9055028348153,,2.3137207103564643,12.354771925804354,0.09612593239018166,0.9999963882132311,0.09743233637272115,155.5884782038586,1099.1691486290892,2635.150187166691,171.2754607574186,2.2415792232544716,41,0.46903330087661743,0.6792857646942139,0.04337064805929325,0.01,0.2053987620437651,3,16,0.22469015002816672,0.10538716274217344,0.04943008881098288,0.2967846227133021,0.2204765453174943,0.10341084181613748,0.0485031284834527,0.29121903345999867,0.051503659398737536
Btied_eta1,1,6,0.032093994540835044,0.544606626033783,0.0,,148.5276806902232,742.638403451116,1823.7699310862486,0.2790247202108276,0.7541482448577881,True,2,0,14.4071793774435,22.499797096666175,,1450.43674789062,3352.2681992091457,,2.2557980338897163,inf,0.14407179377443502,1.0000030912618179,0.13051987420859953,0.0,670.0729251480352,1743.2624405173178,126.4904427493295,2.412829913118493,27,0.544606626033783,0.7541482448577881,0.041112613406977735,0.010000000000000002,0.17914796828553498,3,17,0.12992398549714929,0.07075746338246462,0.038534983399433,0.2137992363722211,0.11722871400724205,0.06384353440976337,0.034769611868972955,0.19290825662206748,0.038534983399433
Btied_eta1,1,7,0.025468513052481965,0.4221329987049103,2804.576893375564,,1202.0377939083246,2354.645149603716,3884.0754821594455,0.10683387200410177,0.5338796973228455,True,4,0,9.99291128639819,19.608085716113898,,1910.7799752000492,3840.0639214361745,,1.1390411369214186,0.9563074182726522,0.09992911286398191,1.0000000037047752,0.11140223802781078,2699.2557962979613,2249.6955397778893,3844.275080868988,171.09590514791964,1.6327450140580884,49,0.3753681480884552,0.5338796973228455,0.04763638009508321,0.010000000000000002,0.15958857431684126,3,11,0.3669672484837133,0.13774781647244744,0.051706142772491,0.37451446153215184,0.3506110389063574,0.1316082163736487,0.04940153245340122,0.3578218628114725,0.06539219437659198
Btied_eta1,1,8,0.02084566093596168,0.4621126651763916,838.7542010680312,,429.80327901703527,2522.1870447366186,7343.332586527541,0.18820468350732256,0.6338381171226501,True,3,0,12.877833934367175,23.24801341746998,,1912.5448941206234,3993.4971856683674,,2.741085091979154,8.242616607710739,0.12877833934367178,0.9999999184989088,0.11652686385011773,486.93379408527466,2492.1188557165647,7273.323017028125,166.90697036719743,2.851555827828927,59,0.4621126651763916,0.6338381171226501,0.04187715672734672,0.010000000000000002,0.14438026505018503,5,11,0.3556191738527499,0.16433612421692081,0.07594180434663982,0.46067849152078316,0.35137966887199357,0.16237699527123492,0.07503646604812471,0.4551865245433829,0.07594180434663982
Btied_eta1,1,9,0.017469757873936613,0.4407977759838104,837.3763376859546,,322.4093679190325,2048.071880314209,14419.60192380396,0.2170683930352224,0.6413809061050415,True,1,0,18.933370581364493,22.22339816298383,,1528.1512864249307,3934.5225198009407,,6.883153219076559,16.83495451381129,0.189333705813645,1.0000005579617843,0.09035680224581798,730.9654920455678,2042.519194016522,14288.687773456813,229.51016545370535,6.883253606227498,56,0.4407977759838104,0.6413809061050415,0.02903168492606834,0.009999999999999998,0.1321732116350988,3,10,0.2643557012506491,0.11652740517992674,0.05136502104447606,0.3227120164085108,0.26363898603466523,0.1162114787067073,0.05122576135770652,0.32183708686681156,0.05136502104447606
Btied_eta1,1,10,0.014915940764391107,0.5366825461387634,0.0,,193.48905255922853,967.4452627961425,24424.617818321974,0.05301544271366865,0.5839872360229492,False,1,0,21.226270616455242,22.248336138647115,,1617.7255120027348,4169.324455191336,,25.046511360993314,inf,0.21226270616455256,0.9999991141160264,0.11660924934827949,0.0,543.5052183358581,24326.871000229952,53.295055037366815,44.661164467776594,46,0.5366825461387634,0.5839872360229492,0.04175914658933094,0.009999999999999998,0.12213083461759813,1,10,0.11538564198450629,0.061925460128100636,0.03323431361236352,0.18540357707180993,0.06482299407654125,0.03478936950933614,0.018670847406832784,0.10415866975814286,0.03323431361236352
Btied_eta1,1,11,0.012928901365682022,0.4401836097240448,,,24508.836878542734,54286.07289653153,305094.39119327953,0.007378215854177306,0.4484849274158478,False,0,0,19.562879958899426,22.201353510322754,,1793.6611636688808,4585.976900741768,,5.168647119667853,,0.19562879958899426,1.0000011199366734,0.06767267794249555,,54286.07289653153,305094.39119327953,24296.608346766345,5.1725565667958655,28,0.3208634555339813,0.4484849274158478,0.032737258321978144,0.009999999999999998,0.11370532690108244,0,10,6.027944985230575,1.9341472577298164,0.6205971726267628,5.302837067556156,6.027944985230575,1.9341472577298164,0.6205971726267628,5.302837067556156,1.16798432695538
Btied_eta1,1,12,0.011346940587594249,0.37721139192581177,,,3632.733908689725,4913.585922503568,8671.539103600855,0.050562775032365614,0.4391441345214844,False,0,0,13.178958474912829,21.03504047038347,,2599.1074385750517,5564.410382600776,,1.025484294847491,,0.13178958474912836,1.0000014050256747,0.07671427827333759,,4908.890357499541,8698.17411212701,3643.3669125649035,1.0297250155199824,20,0.37721139192581177,0.4391441345214844,0.04237419113134901,0.009999999999999997,0.10652201926172002,1,7,0.5111377873838295,0.19280699624493397,0.0727289954265863,0.5242710243182362,0.5106493293117557,0.19262274429566958,0.07265949349233924,0.5237700157446119,0.0727289954265863
Btied_eta1,1,13,0.010063188817629107,0.3977842628955841,4730.819060120095,,2372.8192272367123,4077.9631967871474,9757.23308620058,0.14779133274515655,0.5531909465789795,True,1,0,14.99489624667611,23.040330440309347,,2686.2145880983835,5802.354247859361,,1.81080934344423,1.560916569651347,0.14994896246676112,1.0000018969413098,0.12324209789746013,4651.57394032973,4067.6559541463425,9767.505758360738,2385.8249068498703,1.8147259588133045,26,0.3977842628955841,0.5531909465789795,0.0403995721217146,0.01,0.10031544655549866,2,9,0.39949482336190584,0.1589127538416173,0.06321299265159513,0.4333641968905907,0.3984850815178939,0.15851109442648217,0.06305321885721055,0.4322688486214577,0.06321299265159513
Btied_eta1,1,14,0.009004479143074047,0.4701169729232788,2308.7274561410295,,1894.2551742447688,3622.020651056368,7908.062293489362,0.14497163891917353,0.6049615144729614,True,1,0,19.40261102970841,21.632391914920774,,2291.9028363988245,5505.729476219217,,1.660345894905557,2.604814658069903,0.19402611029708425,1.000000687866937,0.15127147322613613,2284.0707716268075,3591.972727901021,7843.1071601233325,1914.623714124268,1.6504811965717205,8,0.4701169729232788,0.6049615144729614,0.03922209978512628,0.01,0.09489193402536407,1,4,0.3356450631431124,0.15779244106148277,0.07418090474199916,0.44469626701396836,0.33286058507508853,0.15648341066097213,0.07356550733264655,0.4410071110024453,0.07418090474199916
Btied_eta1,1,15,0.008119209756963888,0.460056334733963,,,0.0,0.0,0.0,0.0,0.378838449716568,False,0,0,25.358324906723052,19.85284245790772,,1847.6307722313366,5214.53417008021,,,,0.2535832490672306,0.9999908500767701,0.09901786611904097,,0.0,0.0,0.0,,12,0.3966587483882904,0.378838449716568,0.06216734813292027,0.010000000000000002,0.090106657672804,0,5,0.0,0.0,0.0,0.0,0.0,0.0,0.0,0.0,0.0
Btied_eta1,1,16,0.007370054103067009,0.473638117313385,,,0.0,0.0,0.0,0.0,0.38658443093299866,False,0,0,27.142598521689006,21.544224424309288,,2018.875561232279,5603.572582895781,,,,0.27142598521689,1.0000045980788703,0.08524504307544478,,0.0,0.0,0.0,,25,0.39244383573532104,0.38658443093299866,0.04896838189568532,0.010000000000000004,0.08584901923182937,0,7,0.0,0.0,0.0,0.0,0.0,0.0,0.0,0.0,0.0
Btied_eta1,2,1,0.47168346259628857,0.4723363220691681,62.13700962976078,960.6004718653073,100.0,500.0,900.0,0.618779607070965,0.8708682656288147,True,17,0,2.7409700746462176,15.962127258918853,,563.5557289593163,1257.4533756336307,,1.6,12.874774707806933,0.02740970074646219,1.0000001758213897,0.12992981032307716,27.956067268832278,281.56375700420045,606.7315043174685,59.917949804943625,1.9420594480289144,63,0.39587196707725525,0.8708682656288147,0.07895582411683814,0.010000000000000002,0.686792153854635,18,33,0.3353477313743335,0.13275476607405237,0.05255389038461599,0.36188691239174214,0.18884353429718545,0.07475786139204792,0.029594541643758805,0.2037884773273377,0.07481661581023512
Btied_eta1,2,2,0.16676528748769345,0.4393109381198883,283.43228612758236,,135.6627310688902,678.313655344452,1619.5952272785057,0.3174241790598513,0.6900343894958496,True,11,0,5.028437876557851,20.316887046911038,,880.1399202065974,1834.2609072783298,,2.1876789366064955,5.2355803090888795,0.05028437876557854,0.9999975607626403,0.0928977640329669,175.79648490748994,540.2705621487933,1315.1818472988377,107.3055797472271,2.235687731620209,10,0.4393109381198883,0.6900343894958496,0.0796739994959765,0.010000000000000002,0.4083690579459877,12,33,0.2705100668212043,0.11883803122609694,0.05220684698225723,0.3288684951486719,0.2154587700201679,0.09465339438371723,0.04158227148294258,0.26194071923375134,0.05220684698225723
Btied_eta1,2,3,0.09077552470075399,0.4375096559524536,454.0570084261877,,164.53344113791997,822.6672056895999,1745.0415811760581,0.2293054344618639,0.6246604919433594,True,9,0,6.397303817601558,20.637130061654055,,1186.790695433424,2209.7849840507256,,1.9211998838744022,3.480858373965763,0.06397303817601559,0.9999978466163761,0.09065097839716114,377.28725447285916,834.888508420038,1565.1372353599672,181.34342933286442,1.6574593997536577,21,0.35482677817344666,0.6246604919433594,0.06333052735736061,0.01,0.301289768662585,9,24,0.2420519649301902,0.08588651886673149,0.030474836778015275,0.23361258025297563,0.24564781793058973,0.08716242380164857,0.030927562015327505,0.23708306022976908,0.046332304021969105
Btied_eta1,2,4,0.05896043282453607,0.4088650941848755,497.1520059515565,,199.50941808462397,997.5470904231199,2174.2141179611285,0.36611050349963037,0.7254449725151062,True,4,0,4.828555880492399,20.974419965283694,,1671.594045297588,2940.26430447865,,1.9795603824967432,3.972034058470487,0.048285558804924,1.0000032034790258,0.16202489392517389,439.8673782478609,1000.9713364880578,2082.979746931235,198.31969103423808,1.8828311932581316,6,0.4088650941848755,0.7254449725151062,0.07475721721419878,0.010000000000000002,0.24281769462816352,6,22,0.23654500466755288,0.09671499561236081,0.039543385790137726,0.26448226043726597,0.23735698468252142,0.09704698589765717,0.039679125029403885,0.26539013972260783,0.039543385790137726
Btied_eta1,2,5,0.04218865144911123,0.5012773275375366,0.0,,245.88852248711143,1269.931097365536,3764.748830821178,0.45314389115971565,0.8392982482910156,True,2,0,8.673654362402042,19.901541476726017,,1603.4295274942688,3145.2414541040002,,2.7709064811736006,inf,0.08673654362402045,1.0000008763511825,0.14220524076025567,0.0,1214.568821973081,3498.3676275976536,176.41095178950124,2.7350913474063954,5,0.5012773275375366,0.8392982482910156,0.04146491603717441,0.010000000000000002,0.2053987620437651,2,15,0.2547287844528918,0.12768976431743082,0.06400798381093963,0.36885366331193065,0.2436239574709228,0.12212316632514267,0.0612175744458896,0.35277359555852783,0.06400798381093963
Btied_eta1,2,6,0.032093994540835044,0.46428629755973816,570.3528625611772,,182.36787595443616,911.8393797721773,1913.383510737174,0.11318692489928406,0.5667936205863953,True,3,0,12.392584382611412,19.80913461414558,,1486.6555688029325,3249.6498633658625,,1.8983777989663393,3.0349907020885087,0.12392584382611407,1.0000006539824033,0.11368191052021481,392.4355918279396,930.8814883577917,1763.974502289738,95.54247375943062,1.792314112372844,28,0.46428629755973816,0.5667936205863953,0.06339475734841427,0.010000000000000005,0.17914796828553498,3,14,0.15952555887590614,0.07406553109664249,0.03438761120965579,0.2079175610808466,0.16285696030655591,0.07561225513256409,0.035105733985640486,0.21225954154669008,0.03438761120965579
Btied_eta1,2,7,0.025468513052481965,0.42663970589637756,1947.5301341999107,,250.35817976604963,1409.2839305592856,3874.3574842222497,0.10757418205263658,0.5381371378898621,True,2,0,14.993999589674921,20.955787043996818,,1554.1733751572974,3619.3457378587696,,2.5715182199076003,1.8608180899573197,0.14993999589674922,0.9999961504108804,0.07798544234412981,1802.0597132710773,1197.1054472410046,3756.1928807637332,318.50565941658164,2.871666175498629,53,0.4215119183063507,0.5381371378898621,0.041958327056629996,0.009999999999999998,0.15958857431684126,3,11,0.21963438797420967,0.0925785122010504,0.03902294627181265,0.2542337665002825,0.18656674964073883,0.07864010853324849,0.03314774300366919,0.21595692688364385,0.03997816727549533
Btied_eta1,2,8,0.02084566093596168,0.4038551151752472,3065.946777483311,,1435.304267457898,2535.278964293612,10429.515899565287,0.13125000107670726,0.5425354242324829,True,2,0,13.145749496167907,22.732551535149668,,1767.4116847796568,4002.9084695720603,,3.5476220797711657,2.9335837458634253,0.1314574949616791,0.999993389308247,0.07826250083840894,3073.944997231404,2519.64604785178,10707.694978129924,1439.162227914754,3.678505859232653,51,0.32015088200569153,0.5425354242324829,0.0352491700904121,0.010000000000000002,0.14438026505018503,2,12,0.35746508675866234,0.1144427628120268,0.03663895145343853,0.3138513910425357,0.35526090256005,0.11373709129673804,0.036413030095412545,0.3119161355379456,0.05830218176087857
Btied_eta1,2,9,0.017469757873936613,0.5375070571899414,0.0,,0.0,0.0,0.0,0.0,0.506287693977356,False,2,0,20.241357411881854,23.38619829705444,,1544.1565448103543,3951.309652732288,,,,0.20241357411881855,1.0000120207162024,0.09503299300856231,0.0,97.76438102556945,179.53194850923916,19.55287620511352,1.6363738063485969,22,0.5375070571899414,0.506287693977356,0.03834341455268299,0.01,0.1321732116350988,1,13,0.0,0.0,0.0,0.0,0.012618976780924832,0.006782789074263106,0.0036457969948472495,0.020326521618519,0.0
Btied_eta1,2,10,0.014915940764391107,0.4864075779914856,5746.508557516443,,4359.947736653079,5617.843331455416,47885.41582810465,0.025561275582358434,0.5120086669921875,False,1,0,17.959113640238535,21.789256562093485,,1815.37313212843,4360.075680157678,,7.747718390034814,7.5742457625892134,0.17959113640238544,1.0000039164137513,0.0868592031822657,5735.045774381479,5569.75531397426,47885.41582810465,68.40263676603665,8.58511918312963,17,0.37749743461608887,0.5120086669921875,0.03444302667193551,0.009999999999999998,0.12213083461759813,2,8,0.6700311472866777,0.2529350392135956,0.09548232842765218,0.6877817586540564,0.6642957667104284,0.2507699477595146,0.09466501195802737,0.6818944351240128,0.1585242316006422
Btied_eta1,2,11,0.012928901365682022,0.4646151661872864,,,0.0,0.0,0.0,0.0,0.4589955806732178,False,0,0,14.93414553559476,21.81944915666507,,2118.160735744855,4809.384014450531,,,,0.14934145535594767,0.999984337172242,0.10325784258159348,,0.0,0.0,0.0,,27,0.4344217777252197,0.4589955806732178,0.05324443961447439,0.010000000000000002,0.11370532690108244,1,9,0.0,0.0,0.0,0.0,0.0,0.0,0.0,0.0,0.0
Btied_eta1,2,12,0.011346940587594249,0.36584195494651794,,,3263.712638725491,4466.318139020484,21311.513600643826,0.049275074566870636,0.42791712284088135,False,0,0,16.981753542470106,22.60739073087443,,2312.484426726561,5125.084535152348,,4.040867757323806,,0.1698175354247011,0.9999880495267275,0.06327791923037586,,4372.293739342167,21353.407274504647,238.85734690184992,4.829170038968971,13,0.36584195494651794,0.42791712284088135,0.0368105452615225,0.010000000000000002,0.10652201926172002,0,8,0.46461057307979436,0.16997404034433403,0.062183635209729464,0.46204444480166446,0.4548296464063517,0.16639576700893322,0.06087455269737344,0.45231753995634477,0.062183635209729464
Btied_eta1,2,13,0.010063188817629107,0.43121927976608276,5436.578381854256,,2637.8876014210055,4168.898963404267,12766.12854607929,0.09207014276046266,0.5272741913795471,False,2,0,17.29778373246384,22.557299269297932,,2316.4544366058262,5356.54540927926,,2.4294762318700327,1.8629807635007078,0.1729778373246385,0.9999954195128296,0.12857845642213978,5366.4273720585015,4129.8956791981445,12934.83738056254,2581.488370332708,2.5069274902943857,61,0.43121927976608276,0.5272741913795471,0.04639412516997459,0.010000000000000002,0.10031544655549866,2,7,0.4084032823814986,0.17611136928265395,0.07594261782068466,0.48553628068801885,0.40458235281873667,0.17446371078856282,0.07523211571156221,0.4809937120831433,0.07594261782068466
Btied_eta1,2,14,0.009004479143074047,0.42789027094841003,,,2554.1622901173564,4113.988634682986,14650.934296753392,0.064900079853075,0.4979851245880127,False,0,0,23.666905902771287,22.44408197987301,,1873.308578796341,5086.986296649167,,2.9403999575142685,,0.23666905902771287,1.0000042467082904,0.093713791247868,,4165.478282619451,14815.775587732618,2565.284692013741,2.9409566115935157,12,0.42789027094841003,0.4979851245880127,0.035859156200979465,0.01,0.09489193402536407,1,7,0.38123470517913627,0.16312662129403785,0.06980029418440452,0.449098684362935,0.3860061429476678,0.16516827309362825,0.07067389712611358,0.45471949064120976,0.06980029418440452
Btied_eta1,2,15,0.008119209756963888,0.463148832321167,,,6848.2114488493025,19672.579027838456,140976.75947629026,0.03190990503999558,0.4964038133621216,False,0,0,17.34678765236966,23.882873226777285,,2523.958375593178,5996.1714531942525,,6.818045963248494,,0.17346787652369663,1.0000033157149586,0.10772247907095754,,19699.71162062474,140976.75947629026,65.74161699832062,7.152948254925936,25,0.32854294776916504,0.4964038133621216,0.022196310599139367,0.010000000000000002,0.090106657672804,1,6,1.7310843203150617,0.5687355454332919,0.1868540525977576,1.5552092650573288,1.7334718469263597,0.569519950464045,0.18711176333880622,1.5573542232565838,0.37132942884848297
Btied_eta1,2,16,0.007370054103067009,0.38631319999694824,,,3804.2845200653296,6674.373274894352,74063.9368008409,0.03656174574553006,0.43104293942451477,False,0,0,20.92592179124816,22.88777221812839,,2430.3055333392995,5926.5626440418255,,10.526778977894026,,0.20925921791248167,1.0000040315737846,0.11918027668704281,,6632.364337562284,74063.9368008409,1709.958438310558,10.909228546561412,49,0.2510259449481964,0.43104293942451477,0.021225135433776385,0.01,0.08584901923182937,1,8,0.5595589840203254,0.14046382271795493,0.03526006382881058,0.4048324391614642,0.5560370835623866,0.13957973432748733,0.035038134705175715,0.4022843975901766,0.08350740126185618
Btied_eta4,0,1,0.47168346259628857,0.4160224497318268,193.774128336913,,100.76239810944162,503.81199054720815,906.8615829849747,0.5525884227600164,0.8518585562705994,True,16,0,2.2991075887785972,15.955870290839549,,488.8796268264148,898.8339082783134,,1.6,4.159993863958851,0.022991075887785983,1.0000012726403769,0.11325197747374496,23.973776890874447,77.41653501190596,182.20913942688725,15.483307002381197,2.1536204429566,28,0.39170923829078674,0.8518585562705994,0.09278318643130448,0.010000000000000002,0.686792153854635,17,33,1.3516176645535471,0.529441125842642,0.2073869801236379,1.442132454068937,0.2076916750968346,0.08135474785151864,0.03186740631225739,0.22160031860490703,0.23393079299199357
Btied_eta4,0,2,0.16676528748769345,0.4692191183567047,94.04948631033548,,100.0,500.0,900.0,0.4142504597848484,0.7871888875961304,True,11,0,5.028911953999232,18.458591993252206,,472.0530538119061,891.9255312836939,,1.6,8.506160228884575,0.05028911953999235,1.0000017447373224,0.11515473014987203,16.983912037893496,124.92200735609157,273.6385264713067,23.83048875212564,1.9997120043636545,15,0.4692191183567047,0.7871888875961304,0.07588862791625878,0.010000000000000002,0.4083690579459877,12,28,0.7975958163007573,0.37424720572963754,0.17560394391992082,1.054065268202808,0.19927454086222213,0.09350342437430899,0.04387359434824608,0.26335189837646367,0.17560394391992082
Btied_eta4,0,3,0.09077552470075399,0.3932177722454071,337.87948670097376,,100.398949699992,501.9947484999603,903.5905472999286,0.3498113369982283,0.7102320194244385,True,8,0,6.040677796269007,21.86706218468948,,469.0782526324361,895.9076295354528,,1.6000000000000003,2.377154071832624,0.06040677796269009,0.999997979699746,0.09860903719419066,74.2377714933697,155.40186628545524,363.05051964415486,28.451065939156873,2.1531237796744187,9,0.3932177722454071,0.7102320194244385,0.0588980080327081,0.01,0.301289768662585,9,24,0.5908042251772874,0.2323147212573868,0.09135027715264236,0.6329649489880186,0.1828945013393702,0.07191736837260178,0.02827918737722677,0.1959461421856365,0.09135027715264236
Btied_eta4,0,4,0.05896043282453607,0.3648515045642853,638.3485090452499,,100.0,500.0,900.0,0.1993132907996964,0.5764400362968445,True,4,0,6.011637314584472,20.562073075118615,,477.94702741477636,912.5592732333653,,1.6,1.25323391323734,0.06011637314584474,0.999999206179835,0.07620135637517533,308.5826043307646,255.855340869351,468.03944977356133,43.72380424119994,1.6584201216617647,36,0.30085521936416626,0.5764400362968445,0.042006114767864894,0.01,0.24281769462816352,6,20,0.47425330982063185,0.1426815835602681,0.04292649912125108,0.39484055710115984,0.2426804844851514,0.07301169039518236,0.021965948129991184,0.2020441306523234,0.06313099780869025
Btied_eta4,0,5,0.04218865144911123,0.36128121614456177,518.8381649124716,,103.78172201030053,518.9086100515027,934.0354980927046,0.27468014427526555,0.636555552482605,True,1,0,9.733315975072015,22.318663327008345,,457.44649292608057,911.8633429879213,,1.5999999999999996,1.600217239652115,0.09733315975072016,0.9999996390572763,0.06466107087446608,208.9110475251238,259.2502010228162,605.304249687175,38.17326417547427,2.187581661554,56,0.3337666392326355,0.636555552482605,0.032776916379138765,0.010000000000000002,0.2053987620437651,4,20,0.4163405707751152,0.13896059308380743,0.04638041013935622,0.37941816888182966,0.20800652480345191,0.06942563872210798,0.023171962112857103,0.18955984666463777,0.05434248542952494
Btied_eta4,0,6,0.032093994540835044,0.41140276193618774,384.7361410712557,,105.00095272723182,525.0047636361595,945.0085745450873,0.25463277031168374,0.6510629653930664,True,3,0,9.896898579426333,20.922533080917535,,474.01156232476154,946.8044841027111,,1.6000000000000005,2.183334322268103,0.09896898579426333,0.9999994125782551,0.09647310772536172,202.93796641922245,309.40344427412543,674.7293418098166,59.93393711096395,1.987034779593972,24,0.41140276193618774,0.6510629653930664,0.0407729535239682,0.010000000000000002,0.17914796828553498,3,13,0.3673966279126777,0.15114798744931748,0.06218269949774546,0.4136498877151488,0.21651952508693872,0.08907673063387828,0.03664641300702335,0.2437781689755651,0.06218269949774546
Btied_eta4,0,7,0.025468513052481965,0.5002782344818115,0.0,,111.90183743981694,559.5091871990847,1130.3961228843177,0.299292958377535,0.7413299679756165,True,2,0,8.82318495785834,21.97393225786601,,503.61437463166413,992.8356746435755,,1.8203352308531437,inf,0.0882318495785834,0.9999987464965031,0.18241571627449682,0.0,375.8324336410247,1028.487156031664,32.808072838865684,2.649263326069986,18,0.5002782344818115,0.7413299679756165,0.05297133697530794,0.010000000000000002,0.15958857431684126,3,11,0.3487940371182679,0.1744940650873105,0.087295582809434,0.5036076189504068,0.23429125885468743,0.11721081733434412,0.05863802075819579,0.33828233988041095,0.087295582809434
Btied_eta4,0,8,0.02084566093596168,0.4723871946334839,233.46088197542662,,107.88769880246649,539.4384940123342,970.9892892222019,0.13565073967559726,0.5989983677864075,True,2,0,15.66804685316095,21.545786361523636,,450.3506260001421,975.0520597624169,,1.6000000000000012,3.6969859066607267,0.1566804685316096,1.0000030114707683,0.11003738848770109,47.48981554188288,143.29214800070153,457.28670537021264,23.744729549096473,3.0255808281902064,33,0.4723871946334839,0.5989983677864075,0.04427890083296817,0.010000000000000004,0.14438026505018503,4,12,0.3042354404053651,0.14371692620117288,0.0678900355895195,0.4056708898457282,0.08081468089043604,0.0381758203910333,0.01803376869735197,0.10775918632536678,0.0678900355895195
Btied_eta4,0,9,0.017469757873936613,0.4092187285423279,,,161.98254126344756,809.9127063172347,5030.247082096314,0.059793925927761116,0.4767100512981415,False,0,0,20.511837952705953,22.01697759149367,,415.21635333491855,978.4475953078587,,6.0108509261071115,,0.20511837952705955,1.0000024816020228,0.07680369323383188,,892.4994608819584,4472.960671484752,54.86233087979687,4.950253231793595,8,0.36578893661499023,0.4767100512981415,0.04045552511193342,0.010000000000000002,0.1321732116350988,1,11,0.41815923257040416,0.15295802101766853,0.0559503518547863,0.4157897350850994,0.4607989067475104,0.16855514209252187,0.06165560618701216,0.45818779173264446,0.07002493161724713
Btied_eta4,0,10,0.014915940764391107,0.45853376388549805,,,0.0,0.0,0.0,0.0,0.4560950696468353,False,0,0,20.497743602346677,23.587553537610248,,441.8319705027818,1230.47792987473,,,,0.20497743602346688,0.9999972325899885,0.08656327657123818,,0.0,0.0,0.0,,47,0.3871822953224182,0.4560950696468353,0.05082159099346224,0.010000000000000004,0.12213083461759813,0,13,0.0,0.0,0.0,0.0,0.0,0.0,0.0,0.0,0.0
Btied_eta4,0,11,0.012928901365682022,0.49227654933929443,,,0.0,0.0,0.0,0.0,0.4382111728191376,False,0,0,18.128959294503534,20.000718865316273,,508.4980054911058,1497.0040149421225,,,,0.18128959294503535,1.000002393074415,0.0947993436559748,,0.0,0.0,0.0,,30,0.2649241089820862,0.4382111728191376,0.0561331286684584,0.010000000000000002,0.11370532690108244,0,8,0.0,0.0,0.0,0.0,0.0,0.0,0.0,0.0,0.0
Btied_eta4,0,12,0.011346940587594249,0.4708276689052582,,,0.0,0.0,0.0,0.0,0.43929317593574524,False,0,0,25.1787968522726,20.10934739535746,,437.9766481608836,1472.3559242756905,,,,0.2517879685227261,0.9999984991766664,0.08055115395608836,,0.0,0.0,0.0,,41,0.4521733522415161,0.43929317593574524,0.04446335639050271,0.009999999999999997,0.10652201926172002,0,6,0.0,0.0,0.0,0.0,0.0,0.0,0.0,0.0,0.0
Btied_eta4,0,13,0.010063188817629107,0.43852224946022034,1350.6307384792444,,182.51197309933798,912.5598654966876,5129.845212525969,0.0897643439853999,0.5310966968536377,False,1,0,21.890888323380505,23.824959068198922,,470.50482834167576,1476.5108258287883,,5.421379381761326,3.6629798941175644,0.21890888323380497,0.9999995883322631,0.10432418289548863,1114.8555646517989,940.0962586526261,4870.355813832465,44.14096442948331,5.133745406369403,48,0.43852224946022034,0.5310966968536377,0.03710270744312899,0.010000000000000002,0.10031544655549866,1,7,0.357593165687211,0.15681255940875705,0.06876579629554258,0.43379080779352547,0.3683834999683272,0.16154436107013986,0.07084079660409177,0.446880397509739,0.06876579629554258
Btied_eta4,0,14,0.009004479143074047,0.3951982259750366,2045.141892457516,,256.00504893840184,1302.5192583612543,7801.355730908116,0.12421437435556015,0.5295222997665405,True,1,0,21.673256969052847,25.42806556721853,,541.0753426662046,1670.506303507028,,5.792889919695151,3.6894020457929937,0.2167325696905285,1.0000008387806598,0.1145796268308593,2025.7214404960648,1155.3591861193886,7941.359848874874,651.8471635449051,6.309304303723873,42,0.3720763623714447,0.5295222997665405,0.02233270674824825,0.010000000000000002,0.09489193402536407,2,8,0.48280692004368075,0.17964104253761368,0.06684018564000926,0.4883466410359555,0.4282588580657787,0.15934499806246377,0.059288507241166424,0.4331726952285517,0.07540557552026622
Btied_eta4,0,15,0.008119209756963888,0.48893287777900696,332.7652100667142,,273.0235885869696,1282.40670142444,2802.270438999892,0.09181239091320403,0.5752082467079163,False,1,0,23.450343888469966,21.431297715793548,,496.51224422803733,1623.9926540337542,,1.9722657777782573,7.600694946162936,0.23450343888469988,0.9999985035633704,0.1581942658731442,790.4720358708624,1128.3971076083217,2536.522685471712,771.8080109311027,1.5639127950983371,35,0.48893287777900696,0.5752082467079163,0.043082154157163904,0.010000000000000002,0.090106657672804,2,3,0.45138039704125693,0.22069471649841252,0.10790490284819092,0.6308335879451149,0.3971722339618954,0.19419056332490656,0.09494615096397305,0.5550741392951064,0.10790490284819092
Btied_eta4,0,16,0.007370054103067009,0.39507901668548584,,,1340.936285557459,1833.8947628445455,9220.232987112271,0.061478642274597206,0.46643945574760437,False,0,0,18.555978360438306,23.61443266083166,,640.6147728472981,1762.334215732245,,4.296482470637122,,0.1855597836043831,0.9999981034387864,0.10870091277966157,,1661.9463238467324,9592.466209871753,1217.3803268391136,5.0393239317426985,54,0.34901776909828186,0.46643945574760437,0.02699092475269675,0.01,0.08584901923182937,0,6,0.6149924482991896,0.21464329231767362,0.07491432303662483,0.5842423458903659,0.557329929367915,0.1945180485996927,0.06789025537161592,0.5294629979105252,0.09599259037091251
Btied_eta4,1,1,0.47168346259628857,0.42547735571861267,175.0986930855635,,101.59146098697745,507.95730493488765,914.3231488827978,0.5519544450689677,0.8561446666717529,True,19,0,3.211350656312719,17.331526811020797,,481.5596025544593,893.2488556612548,,1.6,4.64156341531728,0.03211350656312721,0.9999986280596542,0.08063501365047301,22.70107953741296,82.32108615316184,179.61353093730528,16.464217230632357,1.981865416633677,13,0.4161558151245117,0.8561446666717529,0.07513041089726027,0.010000000000000002,0.686792153854635,19,35,1.3627386387594809,0.5671116090146193,0.23600679391605228,1.5544035381242718,0.22084951588587107,0.09190781030333847,0.03824796971309482,0.2519113050162953,0.24669791157097468
Btied_eta4,1,2,0.16676528748769345,0.3822767436504364,238.03045129430143,,104.07920836988454,520.396041849423,936.7128753289616,0.648131051813226,0.8912149667739868,True,9,0,2.9079407947686375,19.250953903136956,,481.55276116609986,890.583726720144,,1.6000000000000003,3.4980132265917807,0.029079407947686375,1.0000000666861142,0.11768075956101039,71.94372265436539,176.4857885434963,341.168644602353,42.67352285969037,1.6913266739837025,6,0.3822767436504364,0.8912149667739868,0.06050529023229134,0.01,0.4083690579459877,9,27,0.8301314115971471,0.3173399328272975,0.12131167615146751,0.8632720160951349,0.28152865315766556,0.10762185677340554,0.04114133295295113,0.29276787338088145,0.12131167615146751
Btied_eta4,1,3,0.09077552470075399,0.4214264750480652,205.53381930916674,,99.99999999999994,500.0,900.0,0.46835990752873613,0.7939797639846802,True,7,0,6.080286602662334,20.803214842329023,,468.56179567913,895.3057422437115,,1.6,3.8923034792470292,0.060802866026623374,1.000002009402122,0.10167706008116575,45.404039795203154,154.4163719301094,362.48207596739695,28.648289938022398,2.161906680338737,62,0.4214264750480652,0.7939797639846802,0.04859465428587609,0.010000000000000002,0.301289768662585,8,24,0.5884565794191113,0.24799118198343792,0.1045100496662835,0.6809973398116548,0.1817346600646029,0.07658779718508399,0.03227612539940607,0.21031427701554314,0.1045100496662835
Btied_eta4,1,4,0.05896043282453607,0.4231906831264496,473.7267765629506,,100.21243081191642,501.0621540595814,901.9118773072464,0.163867185518348,0.5856247544288635,True,5,0,7.797856637254984,20.477217375711557,,459.3054388476492,894.6439332930404,,1.5999999999999994,1.6923245342218842,0.07797856637254987,0.9999986186271557,0.10347650362028861,340.1407526328012,374.5181738086931,616.0852883983544,86.20859529690621,1.4148223775439892,32,0.4231906831264496,0.5856247544288635,0.07326275147692354,0.010000000000000002,0.24281769462816352,5,19,0.4752607699772237,0.20112592990986372,0.08511461967299765,0.5526722359251639,0.3552329670335028,0.1503312819879436,0.06361879791975278,0.41309405397408416,0.08511461967299765
Btied_eta4,1,5,0.04218865144911123,0.47877010703086853,106.80317628190663,,105.93800340079304,529.6900170039662,953.4420306071394,0.24349608428517566,0.6875421404838562,True,3,0,9.612593239018164,20.08815841441089,,452.98642993720995,901.6276934063357,,1.6000000000000008,7.93519496994511,0.09612593239018166,0.9999972257815225,0.09674067788398746,31.33951978657572,253.3903879806735,622.6506301525255,35.058494236837745,2.3189203844642456,41,0.46903330087661743,0.6875421404838562,0.04203473407249927,0.01,0.2053987620437651,3,16,0.4249909131232638,0.19933489082477218,0.09349470182342305,0.5613542373444412,0.20330496876960807,0.09535680058662689,0.044725514940178984,0.2685377549681816,0.09741676363790368
Btied_eta4,1,6,0.032093994540835044,0.544606626033783,0.0,,100.0,500.0,900.0,0.25911552842314833,0.743457019329071,True,2,0,14.4071793774435,22.381205654877814,,439.1812883945868,932.7429457320344,,1.6,inf,0.14407179377443502,0.9999995431006141,0.1290909603729227,0.0,191.3498334083077,496.080786749472,32.647089721330616,2.421918476611649,27,0.544606626033783,0.743457019329071,0.04184041529697233,0.010000000000000002,0.17914796828553498,3,15,0.3498983755576855,0.19055697376717257,0.10377859055054794,0.575782871929796,0.1339059917456012,0.07292609037027946,0.03971603202639264,0.22035191324624687,0.10377859055054794
Btied_eta4,1,7,0.025468513052481965,0.4221329987049103,620.2179844920757,,105.99663696314745,529.9831848157372,953.9697326683271,0.12905936915106775,0.5543054938316345,True,4,0,9.99291128639819,19.37671228895094,,489.35930183661947,978.6318958409363,,1.6,1.3672178442223386,0.09992911286398191,1.00000184428981,0.11181919459606171,607.2850346265222,570.7424323039833,880.7558950630071,295.08842556710806,1.0261502147854438,49,0.3753681480884552,0.5543054938316345,0.049305011209786836,0.010000000000000002,0.15958857431684126,3,10,0.33038773779938474,0.12401703328888916,0.04655204411707462,0.3371826402220577,0.3557967620059335,0.1335547716500361,0.05013220730265057,0.36311423781855373,0.05887386206559176
Btied_eta4,1,8,0.02084566093596168,0.4621126651763916,304.3986292474461,,124.12266674291003,620.6133337145493,1960.9716353263711,0.16201313053018396,0.6128290891647339,True,3,0,12.877833934367175,23.083258114653386,,475.83057435459597,988.5491194021204,,2.959731718281642,6.034353614287415,0.12877833934367178,1.0000003510094908,0.11440053399413125,104.88460157198253,627.750483180487,1637.962208005294,45.24009857236433,2.537189778593926,59,0.4621126651763916,0.6128290891647339,0.043980194213280054,0.010000000000000002,0.14438026505018503,6,11,0.3500168656850998,0.16174722665842856,0.07474544199601632,0.45342111321987005,0.3540421138553923,0.1636073448183988,0.07560502615646318,0.4586355262533331,0.07474544199601632
Btied_eta4,1,9,0.017469757873936613,0.4407977759838104,397.70322785756656,,133.37355567118257,666.8677783559142,3759.5969371300926,0.20458699704660344,0.6315763592720032,True,1,0,18.933370581364493,22.16050870721424,,432.63589554416586,989.6784890154058,,5.437694696239405,9.117912874364714,0.189333705813645,0.9999990034586075,0.08772954182059695,195.25500601470003,493.52219098015564,3531.3040976167035,56.27050876356192,7.041291460372998,56,0.4407977759838104,0.6315763592720032,0.029069500759796765,0.009999999999999998,0.1321732116350988,3,10,0.3443049062549391,0.1517688369374915,0.06689936578569583,0.4203099461491257,0.2548063007618662,0.11231805068249254,0.04950954694367961,0.3110545931993718,0.06689936578569583
Btied_eta4,1,10,0.014915940764391107,0.5366825461387634,0.0,,144.73846603014124,723.6923301507031,6053.051007665754,0.05145217937646862,0.5826480388641357,False,1,0,21.226270616455242,22.21301632357318,,426.56737004741433,1120.6118513748977,,8.16412209371523,inf,0.21226270616455256,1.0000022704926406,0.11524902110390457,0.0,81.99792777055563,5786.609854215742,16.399585554111194,70.37019624212549,46,0.5366825461387634,0.5826480388641357,0.041461975653311924,0.009999999999999998,0.12213083461759813,1,10,0.3452544854986709,0.18529205634325546,0.09944301257758556,0.554760674817203,0.039119044357544874,0.02099450832832241,0.011267386184575545,0.06285713396207053,0.09944301257758556
Btied_eta4,1,11,0.012928901365682022,0.4401836097240448,,,2042.6226677165655,6118.364144740591,42983.05023520398,0.014362815240416715,0.4562057554721832,False,0,0,19.562879958899426,22.141486181925707,,464.57720464678783,1345.3405857201524,,6.691400936421907,,0.19562879958899426,1.0000021122062661,0.06216696035819448,,5880.980587556666,42983.05023520398,2017.4042693613335,6.96578493262165,28,0.3208634555339813,0.4562057554721832,0.033050809273731094,0.009999999999999998,0.11370532690108244,0,12,2.717541387412463,0.8719597201217728,0.27978000888471527,2.3906454417048018,2.6121047664337915,0.8381289615747295,0.26892495479397516,2.297891904077387,0.5265551951995668
Btied_eta4,1,12,0.011346940587594249,0.37721139192581177,,,474.10704796710274,1440.5011267027376,2591.484902065267,0.045343572429144,0.4331631660461426,False,0,0,13.178958474912829,21.237147072013776,,598.645913428296,1639.5358635561483,,1.4698897590901412,,0.13178958474912836,0.9999999048494201,0.07595138189976654,,1246.820010409109,2192.9190095422377,926.0186415523717,1.0161052577060967,20,0.37721139192581177,0.4331631660461426,0.04311933275312023,0.009999999999999997,0.10652201926172002,1,8,0.5993948779889,0.22609857623939508,0.0852869586557065,0.6147958034227042,0.5188038482995979,0.195698721753559,0.07381978723076214,0.5321340579424316,0.0852869586557065
Btied_eta4,1,13,0.010063188817629107,0.3977842628955841,1438.0234078729975,,226.12885392323014,1136.8260048286224,2629.771520357699,0.14782397682091908,0.55322265625,True,1,0,14.99489624667611,22.967896911976325,,642.8693378103434,1728.060186305951,,2.1143452526816717,1.671490640051356,0.14994896246676112,1.0000018805308077,0.12539221871279907,1204.073350132272,1067.3866781552342,2487.188471736283,702.9350902945486,1.6716091908936528,26,0.3977842628955841,0.55322265625,0.041099683982280866,0.01,0.10031544655549866,2,8,0.44547347004018256,0.1772023359194721,0.0704883005771029,0.48324093652933425,0.4182631690098932,0.16637850638097149,0.06618275152242298,0.45372373239159725,0.0704883005771029
Btied_eta4,1,14,0.009004479143074047,0.4701169729232788,375.1765115260998,,187.4005275539251,937.0026377696227,1982.2866187151863,0.15223368476204158,0.6109349131584167,True,1,0,19.40261102970841,21.739570853562384,,563.6234285208036,1663.3086177071928,,1.9155614069920721,4.7841110411209655,0.19402611029708425,1.000001749389781,0.15098200054060365,653.0659165291715,958.0932804879466,1936.9525154624262,568.3157650927035,1.428500521027233,8,0.4701169729232788,0.6109349131584167,0.038385268675098755,0.01,0.09489193402536407,1,4,0.347320283143856,0.16328116014644567,0.07676124474344816,0.46016477026641683,0.35513798578987055,0.16695639484960434,0.07848903495687969,0.4705224473636235,0.07676124474344816
Btied_eta4,1,15,0.008119209756963888,0.460056334733963,,,0.0,0.0,0.0,0.0,0.3759206533432007,False,0,0,25.358324906723052,19.895148641900146,,459.8292790259488,1583.0681106321194,,,,0.2535832490672306,0.999999170281547,0.09700000098731167,,0.0,0.0,0.0,,19,0.460056334733963,0.3759206533432007,0.053330775719716096,0.010000000000000002,0.090106657672804,0,6,0.0,0.0,0.0,0.0,0.0,0.0,0.0,0.0,0.0
Btied_eta4,1,16,0.007370054103067009,0.473638117313385,,,0.0,0.0,0.0,0.0,0.39158517122268677,False,0,0,27.142598521689006,21.543059027584185,,476.9393783143864,1668.8501019787063,,,,0.27142598521689,1.0000011563751043,0.08463879493273682,,0.0,0.0,0.0,,25,0.39244383573532104,0.39158517122268677,0.04738624927488848,0.010000000000000004,0.08584901923182937,0,7,0.0,0.0,0.0,0.0,0.0,0.0,0.0,0.0,0.0
Btied_eta4,2,1,0.47168346259628857,0.4723363220691681,69.90260510686284,,102.87405794215681,514.3702897107842,925.8665214794114,0.5457112374294715,0.8768191933631897,True,17,0,2.7409700746462176,15.974621362768042,,485.2710983027064,896.0041150990291,,1.5999999999999999,11.773416202144597,0.02740970074646219,1.0000000222437924,0.12574785562492466,8.165451738023693,70.94432679692366,166.71133496621968,14.188865359384739,2.14988958938784,63,0.39587196707725525,0.8768191933631897,0.0800858469058159,0.010000000000000002,0.686792153854635,18,32,1.3799432779269611,0.5462808598879817,0.21625727858050975,1.4891510077558525,0.1903281523618215,0.07534558006565381,0.029827202991167208,0.2053905870099955,0.3078675547959286
Btied_eta4,2,2,0.16676528748769345,0.4393109381198883,240.57178574892504,,99.99999999999984,500.0,900.0000000000001,0.2852901941729362,0.688700795173645,True,11,0,5.028437876557851,20.368785858317136,,473.81346975762943,895.2473247409738,,1.6000000000000005,3.3254107397071393,0.05028437876557854,0.9999991566759293,0.0887939529998204,62.772965036616256,193.08010120148992,354.5044803443922,33.712036237758824,1.6614474620140607,10,0.4393109381198883,0.688700795173645,0.07644957054080431,0.010000000000000002,0.4083690579459877,11,33,0.7975958163007573,0.35039256629958376,0.15393128701130532,0.9696649700548057,0.30799976185847033,0.1353076643227468,0.059442136948436836,0.37444602109944314,0.15393128701130532
Btied_eta4,2,3,0.09077552470075399,0.4375096559524536,331.4885229480964,,100.4810612986235,502.40530649311745,904.3295516876115,0.20145584562349939,0.6267931461334229,True,8,0,6.397303817601558,20.689048264696645,,467.3891215889496,896.159966064962,,1.6,2.4249662800990928,0.06397303817601559,0.9999983234862635,0.08898027421834404,123.53592758321692,237.38399888815513,438.1577406089584,45.838443691105006,1.6526779342979092,21,0.35482677817344666,0.6267931461334229,0.06551957515789382,0.01,0.301289768662585,9,25,0.5912874162819003,0.20980460889380825,0.07444429341973004,0.570671587105556,0.27938035198910777,0.09913163018125859,0.03517455695229759,0.2696394756348435,0.11318110284061837
Btied_eta4,2,4,0.05896043282453607,0.4088650941848755,289.6584622123004,,99.99999999999989,500.0,900.0000000000001,0.3562728068255865,0.7216559052467346,True,4,0,4.828555880492399,21.036133857291993,,481.5784292811867,908.0234444169447,,1.6000000000000005,2.761873393547375,0.048285558804924,1.0000018016462056,0.1600493180196847,141.10772771436172,284.62756714441196,565.8335009006369,63.2331012271324,1.7658177130063417,6,0.4088650941848755,0.7216559052467346,0.07462319163606998,0.010000000000000002,0.24281769462816352,6,23,0.47425330982063185,0.1939056241873016,0.07928124129631813,0.5302652134950002,0.269971131568863,0.11038177213610058,0.045131253660720225,0.3018561953167882,0.07928124129631813
Btied_eta4,2,5,0.04218865144911123,0.5012773275375366,0.0,,113.7925596377704,568.9627981888526,1609.8706551562068,0.4145461802467203,0.8159804940223694,True,1,0,8.673654362402042,19.690983986769325,,473.6334806793147,932.065963273093,,2.6294831582676723,inf,0.08673654362402045,1.000001499465889,0.12831081358131216,0.0,332.13331018762256,1252.6641834351217,54.39222167556622,3.60780423102594,5,0.5012773275375366,0.8159804940223694,0.039582345591360334,0.010000000000000002,0.2053987620437651,3,14,0.45650099373807373,0.22883359815925133,0.11470909453606808,0.6610248787057078,0.2664834794767012,0.13358212642498477,0.06696169134109771,0.3858747562754094,0.11470909453606808
Btied_eta4,2,6,0.032093994540835044,0.46428629755973816,340.4507683596783,,100.00000000000041,500.0,899.9999999999995,0.10841266902421776,0.5596758127212524,True,3,0,12.392584382611412,19.51771242414886,,447.4762960640263,923.4210412351101,,1.599999999999998,2.349825802580706,0.12392584382611407,1.000000585861643,0.10961194054663555,124.90977411684783,328.5904019634577,554.678213204537,34.611066683231584,1.5827216601997454,41,0.45828965306282043,0.5596758127212524,0.04474375828401092,0.010000000000000002,0.17914796828553498,3,14,0.3498983755576855,0.16035480514157613,0.0734889480152891,0.448441707856349,0.22994649574172152,0.10538209975648487,0.04829552593643099,0.29470728208339436,0.07542471179134098
Btied_eta4,2,7,0.025468513052481965,0.42663970589637756,895.7545269652876,,111.58525135201484,557.9262567600741,2161.4081009504616,0.0854619400761214,0.517185389995575,False,3,0,14.993999589674921,20.962453696934187,,443.2457000185757,949.7253832992051,,3.674003194439969,2.288375651913263,0.14993999589674922,0.9999996547836667,0.08229151142664283,818.0109757231885,628.7339651130135,1115.5531943416784,48.23061675711852,1.6975742314043925,53,0.4215119183063507,0.517185389995575,0.042734691485955906,0.009999999999999998,0.15958857431684126,2,11,0.3478072495713756,0.1466049009676862,0.06179571304000198,0.40259791688457147,0.3919482699881267,0.16521086715955074,0.06963834954147792,0.45369254728932507,0.06330837593895884
Btied_eta4,2,8,0.02084566093596168,0.4038551151752472,806.3163409121527,,131.86656178477796,659.3328089238919,1916.9614474344244,0.14575103971095782,0.5557411909103394,True,2,0,13.145749496167907,23.003299453263644,,483.5084623960476,1059.8245816451322,,2.707426145777774,2.213889009901798,0.1314574949616791,0.9999957801245207,0.0878910949415722,798.0168696117971,705.2808761234332,1650.9029649355991,462.37536031863334,1.685183371410397,30,0.31352680921554565,0.5557411909103394,0.041087293546607166,0.009999999999999998,0.14438026505018503,3,11,0.3718540847996661,0.11658622470100624,0.03655290702899312,0.3205996830707927,0.39776812433409375,0.12471097083012085,0.03910023275854078,0.34294186835644686,0.06064901229124
Btied_eta4,2,9,0.017469757873936613,0.5375070571899414,0.0,,0.0,0.0,0.0,0.0,0.5036734938621521,False,2,0,20.241357411881854,23.561463687925492,,430.6682835870385,1064.021109828727,,,,0.20241357411881855,1.0000005295055694,0.09287035846726781,0.0,50.0,90.0,10.0,1.6,22,0.5375070571899414,0.5036734938621521,0.037905239088950465,0.01,0.1321732116350988,1,13,0.0,0.0,0.0,0.0,0.025815080397480233,0.013875787895571343,0.007458333917940363,0.04158267337304119,0.0
Btied_eta4,2,10,0.014915940764391107,0.4864075779914856,1733.0298036472198,,1047.468916581985,1709.134185473979,12934.549588401826,0.0261589167950369,0.5125924348831177,False,1,0,17.959113640238535,21.600533257122517,,460.1627871388613,1201.9800887641213,,6.955030665730498,6.859132281974077,0.17959113640238544,1.000003399891411,0.08719158052096158,1274.1178056644685,1261.6784969032617,12200.71787344084,92.76171434435591,9.59670485691479,17,0.37749743461608887,0.5125924348831177,0.03414908633963414,0.009999999999999998,0.12213083461759813,2,7,0.8153827521304915,0.3078048971594668,0.11619555903996778,0.8369840499318599,0.6019134681479377,0.2272207900867194,0.08577526534917741,0.6178594910950079,0.1929133067400509
Btied_eta4,2,11,0.012928901365682022,0.4646151661872864,,,0.0,0.0,0.0,0.0,0.4434177279472351,False,0,0,14.93414553559476,21.604498850853794,,517.9559473463818,1439.873855460566,,,,0.14934145535594767,0.9999950585258077,0.10130323434732746,,0.0,0.0,0.0,,0,0.3300688862800598,0.4434177279472351,0.044572059954180204,0.010000000000000004,0.11370532690108244,1,9,0.0,0.0,0.0,0.0,0.0,0.0,0.0,0.0,0.0
Btied_eta4,2,12,0.011346940587594249,0.36584195494651794,,,365.39724689355216,1430.1216732579196,5196.113691247772,0.04533967606367639,0.4232938885688782,False,0,0,16.981753542470106,22.731360915755314,,537.9127011664366,1566.403826348599,,3.377835980451581,,0.1698175354247011,0.9999920765187013,0.06447447867551512,,1186.8738650497255,5096.761089410603,873.430626548446,3.558365035432991,13,0.36584195494651794,0.4232938885688782,0.03833038956439576,0.010000000000000002,0.10652201926172002,0,8,0.5950759704116538,0.2177037563570957,0.07964516782488033,0.5917892581330534,0.49386015903929276,0.18067476605313312,0.066098409622383,0.4911324800044577,0.07964516782488033
Btied_eta4,2,13,0.010063188817629107,0.43121927976608276,1390.4581131503,,189.44556610035158,947.2278305017578,2903.3781786961013,0.09724151704077144,0.5321557521820068,False,2,0,17.29778373246384,22.637562388842003,,538.264754195889,1574.1770963233598,,2.8651318354509785,1.9518262268590827,0.1729778373246385,0.9999988687148477,0.13018888565576228,1155.289257485092,980.2817432112834,2653.145751486957,679.2106926749847,2.0136405400610666,61,0.43121927976608276,0.5321557521820068,0.046117334582406924,0.010000000000000002,0.10031544655549866,2,7,0.37117805783820323,0.16005913476596342,0.06902058481376112,0.44128052209780144,0.3841304719548537,0.16564446545257747,0.07142908708969824,0.4566791911277308,0.06902058481376112
Btied_eta4,2,14,0.009004479143074047,0.42789027094841003,,,221.0272963787807,1142.4834905781208,5282.592418104535,0.04921727554523159,0.4819812774658203,False,0,0,23.666905902771287,22.478056398281478,,462.90176202714713,1521.043509165942,,4.430317955110664,,0.23666905902771287,1.0000006534478512,0.09143940299973972,,1055.8976619563903,5426.805853906723,708.6920920577708,4.4683437911086274,12,0.42789027094841003,0.4819812774658203,0.03735100942747213,0.01,0.09489193402536407,1,7,0.4234862031758074,0.18120562621980965,0.07753612450057067,0.49887141466499935,0.39139129404649203,0.1674725268564023,0.07165986489300086,0.46106325798642345,0.07753612450057067
Btied_eta4,2,15,0.008119209756963888,0.463148832321167,,,2455.620147285219,6216.219139795819,41601.17519502416,0.024918860758134542,0.4893108606338501,False,0,0,17.34678765236966,23.752625256754033,,628.3289229856302,1726.0496566816053,,6.297325458996727,,0.17346787652369663,1.0000000749263787,0.10362281392925893,,6117.702923965953,41601.17519502416,24.73007823017227,6.796087622025461,25,0.32854294776916504,0.4893108606338501,0.02345672977293916,0.010000000000000002,0.090106657672804,1,6,2.187979414252789,0.7188452064168623,0.23617152310592987,1.9656846387363343,2.1533037621629383,0.7074527654634448,0.23242861697280792,1.9345319705680817,0.4693365520628461
Btied_eta4,2,16,0.007370054103067009,0.38631319999694824,,,186.7028803208306,933.5144016041572,5936.784743359668,0.04954153019255969,0.4458451271057129,False,0,0,20.92592179124816,23.103318818696668,,576.7818078147992,1735.521361501107,,6.159607021764056,,0.20925921791248167,1.0000004795053914,0.1282702778535625,,167.302555114012,5979.124639988701,26.995255763777926,35.57703814008527,3,0.3613397777080536,0.4458451271057129,0.031043387379372858,0.01,0.08584901923182937,1,8,0.3130519367832226,0.1131181172483253,0.0408740753412634,0.3075358051832584,0.05610453231061332,0.020272799233531327,0.0073253687685642084,0.05511594240837582,0.0467192100338223
