tag,seed,eta_mult,eta,rho0,M,P,d,B,steps,cpu_s,wall_s
Btied_eta1,1,1.0,0.0009765625,0.01,64,16,32,32,3000000,246.482642053,260.50917649269104
Btied_eta1,0,1.0,0.0009765625,0.01,64,16,32,32,3000000,246.544524914,261.19743967056274
Btied_eta4,0,4.0,0.00390625,0.01,64,16,32,32,3000000,247.272184397,263.0132260322571
Btied_eta1,2,1.0,0.0009765625,0.01,64,16,32,32,3000000,246.622381115,263.72957611083984
Btied_eta4,1,4.0,0.00390625,0.01,64,16,32,32,3000000,245.96247734399998,254.16494250297546
Btied_eta4,2,4.0,0.00390625,0.01,64,16,32,32,3000000,246.55348443399998,255.91750383377075
Btied_eta0.25,1,0.25,0.000244140625,0.01,64,16,32,32,3000000,245.97009448100002,254.34286236763
Btied_eta0.25,0,0.25,0.000244140625,0.01,64,16,32,32,3000000,248.30487759300001,258.09591364860535
Btied_eta0.25,2,0.25,0.000244140625,0.01,64,16,32,32,3000000,245.46250914100006,245.53221607208252
