seed,steps,n_learned,n_learned_first8,n_at_init_ge05,t3,t8,win_n,expo_align,expo_mse,d3,d8,win_n_drop,expo_align_dropwin,expo_mse_dropwin,t3_fine,t8_fine,expo_align_fine,expo_mse_fine,d3_fine,d8_fine,expo_align_dropwin_fine,L_align_end,L_mse_end,mse_t1000,sum_n_end,n_neurons_mx_ge09,n_neurons_mx_ge05,max_mx_end,max_n_end,min_n_end,slope_T05,slope_T05_se,slope_T05_n,slope8_T05,slope8_T05_se,slope8_T05_n,slope_T05d,slope_T05d_se,slope_T05d_n,slope8_T05d,slope8_T05d_se,slope8_T05d_n,slope_T05d_fine,slope_T05d_fine_se,slope_T05d_fine_n,slope8_T05d_fine,slope8_T05d_fine_se,slope8_T05d_fine_n,slope_T05_fine,slope_T05_fine_se,slope_T05_fine_n,slope8_T05_fine,slope8_T05_fine_se,slope8_T05_fine_n,slope_Tq05,slope_Tq05_se,slope_Tq05_n,sharp_d_median,sharp_m_median,sharp_d_fine_median,cos_init_end_mean,cos_init_end_min,frac_neurons_shared,tag,cpu_s
0,3000000,9,8,1,393.02312639155235,5247.996214868991,5,0.3571849278897525,1.01671025623652,2736.9710236824694,6291.791256214232,4,0.1839521589361932,1.749559906392885,397.99541019871185,5261.555741767548,0.3032890354012241,0.626996514819782,2707.982334548509,6301.147645955802,0.19707081921697664,0.41635674751437074,4.5183956749000307e-07,0.8079023380856671,3.176162985097911,0,49,0.8475005626678467,0.11325934534153843,0.021459855687182262,1.674621382228037,0.555074928055082,8,1.0210380613981525,0.5869161299767742,7,0.8371739831604235,0.19728383420507944,9,0.6003688483538664,0.18724457941993064,8,0.8418919516072995,0.1984664982936523,9,0.6051928177965838,0.1894086089068827,8,1.6756461720823848,0.552866939549701,8,1.02486684587713,0.5847068422925218,7,0.39044827454812653,0.048598822316575974,16,1.990992878567069,3.6236335003017217,2.005607053445396,0.6603973516365931,0.494207271992136,1.0,Btied_eta0.25,248.304877593
1,3000000,10,7,2,337.6706556366037,2928.410501525575,2,,,2754.9133261371335,9688.450099813506,7,0.13794540610265962,1.9960748777089483,316.74991342811825,2778.795099045929,0.24290311722104851,0.2704663592429092,2739.3809248940884,9688.206237605893,0.1468771302597558,0.36444740631071404,4.4980115604209884e-07,0.7954283495075729,3.176154847461267,0,53,0.8936374187469482,0.08098336710982852,0.024960346664978914,1.2008792485407618,0.33892142591979435,9,0.7140501448779287,0.5421115822295822,6,0.9066168573688492,0.13209618171637746,10,0.7760012611278702,0.22270210871072038,7,0.9115170831878437,0.13281105556029582,10,0.7818466570137597,0.22424653046795276,7,1.2073344247494773,0.3376482370755454,9,0.7374013314203688,0.5395467908778628,6,0.4007733196702992,0.047137373765827655,16,1.845058780344432,5.763485892891115,1.9249105821078079,0.6605044249280324,0.4826632020492362,1.0,Btied_eta0.25,245.970094481
2,3000000,8,8,2,124.37751881697054,6325.292104695255,6,0.25485116514670925,1.110856214774041,3011.798939992095,10203.978946245097,7,0.030379738774053963,2.056055355927653,111.96359701834783,6247.85502788808,0.18206963425803332,0.4171483690525575,3026.0177307859053,10211.072530783678,0.06597596561564384,0.42104306396795976,4.5250971078785766e-07,0.7950786612196123,3.1761606734623866,0,51,0.8679574131965637,0.11730907179966496,0.019151080220907446,1.8899121000719596,0.2798350177766629,7,1.8899121000719596,0.2798350177766629,7,0.7994298065138157,0.15736830487855336,8,0.7994298065138157,0.15736830487855336,8,0.8053836214108694,0.1600169757989047,8,0.8053836214108694,0.1600169757989047,8,1.9274555867345509,0.2985425468011108,7,1.9274555867345509,0.2985425468011108,7,0.4355924944973368,0.035456416894597984,16,2.3950110104264577,4.308634603360844,2.4072529401562734,0.6590686778572212,0.4711510385881187,1.0,Btied_eta0.25,245.46250914100008
0,3000000,9,8,1,173.7461679202413,1351.3185716537537,1,,,684.1995081600701,1711.435523037248,1,,,90.46081154788133,1341.673257213633,0.2962577802994156,0.6273495873822563,644.9068496042481,1684.3571436388577,0.20760020052672615,0.41510450020057743,2.9101135616526285e-08,0.23524146861580583,3.1741593796604306,0,49,0.8490986227989197,0.11174212421658825,0.02165782584696529,1.315386488761394,0.4456031664544492,8,0.855955422585346,0.5073600993049808,7,0.7081047745403753,0.20005199025316567,9,0.4590582319608304,0.18352665612396765,8,0.8256812914762274,0.2009657253832845,9,0.604911858375615,0.20374856438083475,8,1.50642737058846,0.4930053777596243,8,1.0661940967108587,0.5922040257317173,7,0.4233710398390866,0.0486547404324657,16,2.0450527191788415,3.747658326101682,1.9147412663088994,0.6505328700416135,0.47785548778298687,1.0,Btied_eta1,246.544524914
1,3000000,11,8,2,156.0040858844272,838.7542010680312,0,,,705.9118918622246,2354.645149603716,2,,,82.72875038005272,730.9654920455678,0.27172694111554296,0.3341021655132761,665.4354002199443,2249.6955397778893,0.1834759285446002,0.3659894637765022,2.904080789171977e-08,0.2487012116105119,3.1741564303742105,0,51,0.8922929763793945,0.08167584596341637,0.024360341524933313,1.1423966469979616,0.30126229385117187,10,1.0395115185366386,0.48159948645517114,7,0.8203537172613486,0.1370808184879559,11,0.7010671239152315,0.21048050239109792,8,0.9347659769631943,0.13592325365928162,11,0.852348929432534,0.2155993183322348,8,1.2875437376976702,0.34651801725025644,10,1.1387484267740684,0.5628028586650188,7,0.4189441687097461,0.05545284074186721,16,2.147570164376732,5.169891388909484,1.931482659923921,0.6515120028322369,0.468500382843157,1.0,Btied_eta1,246.482642053
2,3000000,8,8,2,62.13700962976078,1947.5301341999107,1,,,822.6672056895999,2535.278964293612,2,,,27.956067268832278,1802.0597132710773,0.2349189886877939,0.7892233565106849,834.888508420038,2519.64604785178,0.05400033101561529,0.42128427919000383,2.9067674811970744e-08,0.22113067435657388,3.1741561885572827,0,49,0.8708682656288147,0.11816154203407217,0.02053119769250025,1.6133368176180718,0.24559332914370086,7,1.6133368176180718,0.24559332914370086,7,0.620037217109362,0.13594732938926113,8,0.620037217109362,0.13594732938926113,8,0.8490266927433014,0.13223224985983567,8,0.8490266927433014,0.13223224985983567,8,1.9373990550475648,0.3020636053550309,7,1.9373990550475648,0.3020636053550309,7,0.47440124086617846,0.04131011697305505,16,2.083619659551619,3.480858373965763,2.0888735898245616,0.6492550021617545,0.44653112553825336,1.0,Btied_eta1,246.622381115
0,3000000,9,8,1,193.774128336913,518.8381649124716,0,,,501.9947484999603,559.5091871990847,0,,,23.973776890874447,308.5826043307646,0.33941053350168054,1.2038709080310626,143.29214800070153,375.8324336410247,0.25611490930655295,0.41542288341874023,1.8686994758084477e-09,0.007851916351688418,3.173649839447148,0,48,0.8518585562705994,0.11227981295336975,0.02233270674824825,0.7977884859402616,0.3154010938294711,8,0.46255903357715206,0.35398420322721935,7,0.2452412825748395,0.11550501640163696,9,0.043110474299036375,0.016402020724399467,8,0.8316818767143018,0.20283974705508387,9,0.5904711626482975,0.19405884699720494,8,1.468052130861648,0.4867720770263342,8,0.9855779288543812,0.5636580868925097,7,0.02828075287709972,0.03285041190973208,16,1.6000000000000003,3.033278058812809,2.1536204429566,0.6436217813554914,0.46360621472924046,1.0,Btied_eta4,247.272184397
1,3000000,11,8,2,106.80317628190663,375.1765115260998,0,,,501.0621540595814,620.6133337145493,0,,,22.70107953741296,195.25500601470003,0.4695423285552833,0.9509962104775369,176.4857885434963,570.7424323039833,0.17501359972770092,0.3654551913452655,1.870018739086839e-09,0.00769973621588605,3.1736489237656214,0,52,0.8912149667739868,0.07886324166819991,0.024975829164088456,0.5165069762834089,0.24427692304323584,10,0.33484206109780495,0.3337921248917657,7,0.24944838176608114,0.08285635296931192,11,0.04889041494798033,0.03669974358399507,8,0.9348782672598059,0.1345833464759667,11,0.8407875670787875,0.2084434531041193,8,1.2670070028010032,0.37106493312650085,10,0.9975688481654627,0.5988490092490152,7,0.038750739255426776,0.03771051714191625,16,1.6000000000000003,4.266933447282154,1.981865416633677,0.6454729097189225,0.4513244390546397,1.0,Btied_eta4,245.962477344
2,3000000,7,7,2,69.90260510686284,806.3163409121527,0,,,500.0,,0,,,8.165451738023693,798.0168696117971,0.1311376172182411,1.6656740392344545,237.38399888815513,,,0.41922662634366026,1.8564234426247517e-09,0.007918768257855263,3.1736475866339506,0,49,0.8768191933631897,0.11437518255565546,0.020504544265639083,0.9697417220467923,0.19671836553560357,6,0.9697417220467923,0.19671836553560357,6,0.08118321423213998,0.05551094112845805,7,0.08118321423213998,0.05551094112845805,7,0.944680800853733,0.11562894370174916,7,0.944680800853733,0.11562894370174916,7,1.8311950310316616,0.35237762656792654,6,1.8311950310316616,0.35237762656792654,6,0.05348071005400401,0.0314447156665824,16,1.6000000000000005,2.5934198368232337,1.685183371410397,0.6429467558275741,0.4252463776422487,1.0,Btied_eta4,246.553484434
