cell,protocol,N,B,eta,cap,n,n_reached,T05_seeds,T05_median,flow_seeds,flow_median,T_eta_median,reached_flags,final_abs_m_seeds,readout_at_T05_seeds,final_readout_seeds,ode_flow,ode_steps,cpu_s,median_over_ode
a,free G0=0.01 etaG=10eta,16,64,0.000244140625,2500000,3,3,2263467/2100238/2311855,2263467.0,552.6/512.8/564.4,552.604248046875,552.604248046875,Y/Y/Y,0.500/0.500/0.500,0.2166/0.1933/0.1922,0.2166/0.1933/0.1922,447.0,1830912.0,754.2468397340001,1.2362511141988255
a,free G0=0.01 etaG=10eta,64,64,0.000244140625,2500000,3,3,517368/498454/468181,498454.0,126.3/121.7/114.3,121.69287109375,121.69287109375,Y/Y/Y,0.500/0.500/0.500,0.453/0.4423/0.4361,0.453/0.4423/0.4361,122.0,499712.0,305.88506746800005,0.9974825499487705
a,free G0=0.01 etaG=10eta,256,64,0.000244140625,2500000,3,3,212403/182887/226457,212403.0,51.9/44.7/55.3,51.856201171875,51.856201171875,Y/Y/Y,0.500/0.500/0.500,0.5961/0.5841/0.565,0.5961/0.5841/0.565,50.1,205209.6,370.157446919,1.0350539156062875
b,free G0=0.1 etaG=eta,16,64,0.000244140625,2500000,3,3,1518320/1462093/1708218,1518320.0,370.7/357.0/417.0,370.68359375,370.68359375,Y/Y/Y,0.500/0.500/0.500,0.1401/0.1494/0.1457,0.1401/0.1494/0.1457,363.0,1486848.0,528.802602509,1.0211669249311295
b,free G0=0.1 etaG=eta,64,64,0.000244140625,2500000,3,3,271297/251163/288977,271297.0,66.2/61.3/70.6,66.234619140625,66.234619140625,Y/Y/Y,0.500/0.500/0.500,0.2092/0.206/0.2118,0.2092/0.206/0.2118,66.9,274022.4,169.40247458699997,0.9900540977671898
b,free G0=0.1 etaG=eta,256,64,0.000244140625,2500000,3,3,165761/156440/170009,165761.0,40.5/38.2/41.5,40.468994140625,40.468994140625,Y/Y/Y,0.500/0.500/0.500,0.2472/0.2483/0.246,0.2472/0.2483/0.246,40.1,164249.6,296.5775836140001,1.0092018488933916
c,tied rho0=0.1,16,64,0.000244140625,2500000,3,3,25615/567222/37423,37423.0,6.3/138.5/9.1,9.136474609375,9.136474609375,Y/Y/Y,0.500/0.500/0.500,0.08248/0.01372/0.07416,0.08248/0.01372/0.07416,8.13,33300.48,79.81421964699997,1.123797614929274
c,tied rho0=0.1,64,64,0.000244140625,2500000,3,3,22490/17515/15694,17515.0,5.5/4.3/3.8,4.276123046875,4.276123046875,Y/Y/Y,0.500/0.500/0.500,0.1043/0.1066/0.1085,0.1043/0.1066/0.1085,4.76,19496.96,12.721771341000007,0.898345177914916
c,tied rho0=0.1,256,64,0.000244140625,2500000,3,3,17275/17435/18409,17435.0,4.2/4.3/4.5,4.256591796875,4.256591796875,Y/Y/Y,0.500/0.500/0.500,0.1111/0.1123/0.1113,0.1111/0.1123/0.1113,4.34,17776.64,33.534950155000004,0.9807815200172811
d,tied rho0=0.3,16,64,0.000244140625,1000000,3,3,716171/610151/846455,716171.0,174.8/149.0/206.7,174.846435546875,174.846435546875,Y/Y/Y,0.500/0.500/0.500,0.01251/0.01395/0.01065,0.01251/0.01395/0.01065,inf,inf,272.338965657,0.0
d,tied rho0=0.3,64,64,0.000244140625,1000000,3,3,42956/27028/22929,27028.0,10.5/6.6/5.6,6.5986328125,6.5986328125,Y/Y/Y,0.500/0.500/0.500,0.2298/0.2554/0.2693,0.2298/0.2554/0.2693,7.67,31416.32,20.616402841000024,0.8603171854628423
d,tied rho0=0.3,256,64,0.000244140625,1000000,3,3,20641/20451/22326,20641.0,5.0/5.0/5.5,5.039306640625,5.039306640625,Y/Y/Y,0.500/0.500/0.500,0.3133/0.3175/0.3142,0.3133/0.3175/0.3142,5.2,21299.2,41.44518087000006,0.969097430889423
e,pinned g=0.01,16,64,0.000244140625,2500000,3,3,1707711/1706040/1722056,1707711.0,416.9/416.5/420.4,416.921630859375,416.921630859375,Y/Y/Y,0.500/0.500/0.500,,,421.0,1724416.0,577.371005811,0.9903126623738123
e,pinned g=0.01,64,64,0.000244140625,2500000,3,3,1646567/1629514/1640914,1640914.0,402.0/397.8/400.6,400.61376953125,400.61376953125,Y/Y/Y,0.500/0.500/0.500,,,407.0,1667072.0,1035.6901531570002,0.9843090160472973
e,pinned g=0.01,256,64,0.000244140625,2500000,3,3,1615526/1617713/1636738,1617713.0,394.4/394.9/399.6,394.949462890625,394.949462890625,Y/Y/Y,0.500/0.500/0.500,,,403.0,1650688.0,3071.603603607,0.9800234811181762
f,pinned g=0.1 eta~B,64,16,6.103515625e-05,2500000,3,3,772575/754151/773590,772575.0,47.2/46.0/47.2,47.15423583984375,47.15423583984375,Y/Y/Y,0.500/0.500/0.500,,,48.0,786432.0,248.940071263,0.9823799133300781
f,pinned g=0.1 eta~B,64,256,0.0009765625,2500000,3,3,47665/48069/49606,48069.0,46.5/46.9/48.4,46.9423828125,46.9423828125,Y/Y/Y,0.500/0.500/0.500,,,48.0,49152.0,104.84299688499999,0.97796630859375
