model,opt,N,B,seed,steps,T05,reached05,final_abs_m,max_abs_m,cpu_s,max_dm_step,lr_adam,censored_by
rbf,sgd,16,64,0,500000,-1,0,0.012000136077404022,0.14556872844696045,382.7773514800001,0.018173448741436005,,cap
rbf,sgd,16,64,1,500000,-1,0,0.012631578370928764,0.1259830892086029,378.01963111200007,0.024184299632906914,,cap
rbf,sgd,16,1024,0,500000,-1,0,0.004161864519119263,0.1251460760831833,2818.915941469,0.002115771174430847,,cap
rbf,sgd,16,1024,1,500000,-1,0,0.0018446221947669983,0.125,2800.119202843,0.0022733695805072784,,cap
rbf,sgd,1024,64,0,63865,63865,1,0.5001108050346375,0.5001108050346375,1487.0465085360001,0.0033061206340789795,,
rbf,sgd,1024,64,1,65759,65759,1,0.5000309944152832,0.5000309944152832,1298.5480582589998,0.0031314194202423096,,
rbf,adam,16,64,0,26348,26348,1,0.5004738569259644,0.5004738569259644,26.06529790799982,0.003805011510848999,0.001,
rbf,adam,16,64,1,24709,24709,1,0.5002432465553284,0.5002432465553284,23.78512402499996,0.004891335964202881,0.001,
rbf,adam,16,1024,0,3561,3561,1,0.5010420083999634,0.5010420083999634,21.975032875999887,0.0035129785537719727,0.001,
rbf,adam,16,1024,1,100000,-1,0,0.022115927189588547,0.1309323012828827,582.7556132329998,0.005185876041650772,0.001,cap
rbf,adam,1024,64,0,741,741,1,0.5004890561103821,0.5004890561103821,18.781725064,0.0036766529083251953,0.001,
rbf,adam,1024,64,1,697,697,1,0.503160834312439,0.503160834312439,18.553994108,0.004376113414764404,0.001,
