k,d,N,B,attn,inweight,seed,steps_run,Te05,Te025,Te01,reached05,reached025,reached01,final_mse,min_mse,wall_s,cpu_s,final_align,max_align,diverged
1,32,256,32,softmax,0,0,200,120,120,200,1,1,1,0.08773574978113174,0.08773574978113174,30.9,118.2,0.4323113262653351,0.4323113262653351,0
1,32,64,128,softmax,0,0,140,60,80,140,1,1,1,0.08268179930746555,0.08268179930746555,6.7,26.6,0.4323113262653351,0.4323113262653351,0
1,32,16,512,softmax,0,0,120,60,80,120,1,1,1,0.09618205577135086,0.09618205577135086,5.4,21.5,0.4323113262653351,0.4323113262653351,0
2,32,64,128,softmax,1,0,100,40,60,100,1,1,1,0.07409147545695305,0.07409147545695305,4.9,19.3,0.4323113262653351,0.4323113262653351,0
1,32,256,32,softmax,0,1,180,100,120,180,1,1,1,0.08883890882134438,0.08883890882134438,27.6,105.5,0.5536520481109619,0.5536520481109619,0
1,32,64,128,softmax,0,1,100,60,80,100,1,1,1,0.08225553296506405,0.08225553296506405,5.0,19.8,0.5536520481109619,0.5536520481109619,0
1,32,16,512,softmax,0,1,100,60,60,100,1,1,1,0.06432327907532454,0.06432327907532454,4.5,17.9,0.5536520481109619,0.5536520481109619,0
2,32,64,128,softmax,1,1,120,40,60,120,1,1,1,0.07823057472705841,0.07823057472705841,6.2,24.5,0.5536520481109619,0.5536520481109619,0
1,32,256,32,softmax,0,2,200,120,140,200,1,1,1,0.0885839257389307,0.0885839257389307,30.7,117.1,0.44753754138946533,0.44753754138946533,0
1,32,64,128,softmax,0,2,120,80,80,120,1,1,1,0.08070431090891361,0.08070431090891361,5.7,22.7,0.44753754138946533,0.44753754138946533,0
1,32,16,512,softmax,0,2,100,60,80,100,1,1,1,0.08516035415232182,0.08516035415232182,4.5,18.1,0.44753754138946533,0.44753754138946533,0
2,32,64,128,softmax,1,2,120,60,80,120,1,1,1,0.08178852498531342,0.08178852498531342,6.0,23.8,0.44753754138946533,0.44753754138946533,0
