quantity,parameters,euler_value,lsoda_value,rel_diff
T05_flow_exp1b,d=32;proto=free1;G0=0.01;N=32;c=0.5,1553.854339,1539.678534,-0.009123
T05_flow_exp1b,d=32;proto=free1;G0=0.01;N=32;c=0.7,256.9606726,254.2810069,-0.0104283
T05_flow_exp1b,d=32;proto=free1;G0=0.01;N=32;c=1.0,52.78680406,52.34336868,-0.0084005
T05_flow_exp1b,d=32;proto=free1;G0=0.01;N=32;c=1.4,15.58157967,15.46658851,-0.00737994
kappa_eff,d=32;proto=free1;G0=0.01;N=32;c=0.5/0.7/1/1.4,6.466497606,6.464358562,-0.000330789
T05_flow_exp1b,d=32;proto=free1;G0=0.01;N=128;c=0.5,473.3893282,467.4796556,-0.0124837
T05_flow_exp1b,d=32;proto=free1;G0=0.01;N=128;c=0.7,120.3962645,119.3799058,-0.00844178
T05_flow_exp1b,d=32;proto=free1;G0=0.01;N=128;c=1.0,37.07004908,36.77288907,-0.00801618
T05_flow_exp1b,d=32;proto=free1;G0=0.01;N=128;c=1.4,13.11931217,13.01115169,-0.00824437
kappa_eff,d=32;proto=free1;G0=0.01;N=128;c=0.5/0.7/1/1.4,5.463390788,5.459547111,-0.000703533
T05_flow_exp1b,d=32;proto=free1;G0=0.01;N=512;c=0.5,274.5099422,272.0151256,-0.00908826
T05_flow_exp1b,d=32;proto=free1;G0=0.01;N=512;c=0.7,96.80765289,96.01508624,-0.00818702
T05_flow_exp1b,d=32;proto=free1;G0=0.01;N=512;c=1.0,33.95519733,33.68521734,-0.00795107
T05_flow_exp1b,d=32;proto=free1;G0=0.01;N=512;c=1.4,12.56527807,12.47085159,-0.00751487
kappa_eff,d=32;proto=free1;G0=0.01;N=512;c=0.5/0.7/1/1.4,4.989119434,4.987672163,-0.000290085
T05_flow_exp1b,d=32;proto=free1;G0=0.01;N=4096;c=0.5,234.0226916,231.9958959,-0.00866068
T05_flow_exp1b,d=32;proto=free1;G0=0.01;N=4096;c=0.7,90.98462605,90.25811385,-0.007985
T05_flow_exp1b,d=32;proto=free1;G0=0.01;N=4096;c=1.0,33.08839961,32.84592909,-0.00732796
T05_flow_exp1b,d=32;proto=free1;G0=0.01;N=4096;c=1.4,12.4055268,12.31867397,-0.00700114
kappa_eff,d=32;proto=free1;G0=0.01;N=4096;c=0.5/0.7/1/1.4,4.850973933,4.849324574,-0.000340006
T05_flow_exp1b,d=32;proto=free10;G0=0.01;N=32;c=0.5,1576.303424,1557.915689,-0.0116651
T05_flow_exp1b,d=32;proto=free10;G0=0.01;N=32;c=0.7,241.1608401,238.7461168,-0.0100129
T05_flow_exp1b,d=32;proto=free10;G0=0.01;N=32;c=1.0,39.25596439,38.91177558,-0.00876781
T05_flow_exp1b,d=32;proto=free10;G0=0.01;N=32;c=1.4,9.017620903,8.940481684,-0.00855428
kappa_eff,d=32;proto=free10;G0=0.01;N=32;c=0.5/0.7/1/1.4,7.023101886,7.019999146,-0.000441791
T05_flow_exp1b,d=32;proto=free10;G0=0.01;N=128;c=0.5,415.867167,411.7341788,-0.00993824
T05_flow_exp1b,d=32;proto=free10;G0=0.01;N=128;c=0.7,75.46696726,74.82680489,-0.00848268
T05_flow_exp1b,d=32;proto=free10;G0=0.01;N=128;c=1.0,17.57804947,17.43275487,-0.00826568
T05_flow_exp1b,d=32;proto=free10;G0=0.01;N=128;c=1.4,5.567216889,5.521562347,-0.0082006
kappa_eff,d=32;proto=free10;G0=0.01;N=128;c=0.5/0.7/1/1.4,6.17820744,6.176621085,-0.000256766
T05_flow_exp1b,d=32;proto=free10;G0=0.01;N=512;c=0.5,150.7558202,149.5405196,-0.00806138
T05_flow_exp1b,d=32;proto=free10;G0=0.01;N=512;c=0.7,42.31099684,41.99718659,-0.00741675
T05_flow_exp1b,d=32;proto=free10;G0=0.01;N=512;c=1.0,13.56482083,13.45802684,-0.00787286
T05_flow_exp1b,d=32;proto=free10;G0=0.01;N=512;c=1.4,4.884558441,4.853545455,-0.00634919
kappa_eff,d=32;proto=free10;G0=0.01;N=512;c=0.5/0.7/1/1.4,5.315755569,5.3143981,-0.000255367
T05_flow_exp1b,d=32;proto=free10;G0=0.01;N=4096;c=0.5,95.39973991,94.69712262,-0.00736498
T05_flow_exp1b,d=32;proto=free10;G0=0.01;N=4096;c=0.7,35.25707063,34.99738159,-0.00736559
T05_flow_exp1b,d=32;proto=free10;G0=0.01;N=4096;c=1.0,12.57832409,12.48537955,-0.00738926
T05_flow_exp1b,d=32;proto=free10;G0=0.01;N=4096;c=1.4,4.708230181,4.675766864,-0.00689501
kappa_eff,d=32;proto=free10;G0=0.01;N=4096;c=0.5/0.7/1/1.4,4.918728626,4.918325324,-8.19932e-05
T05_flow_exp1b,d=32;proto=tied;G0=0.01;N=32;c=0.5,8.508868129,8.376263353,-0.0155843
T05_flow_exp1b,d=32;proto=tied;G0=0.01;N=32;c=0.7,4.201440977,4.136081222,-0.0155565
T05_flow_exp1b,d=32;proto=tied;G0=0.01;N=32;c=1.0,1.959835662,1.928887243,-0.0157913
T05_flow_exp1b,d=32;proto=tied;G0=0.01;N=32;c=1.4,0.8975357644,0.8832292469,-0.0159398
kappa_eff,d=32;proto=tied;G0=0.01;N=32;c=0.5/0.7/1/1.4,4.179523129,4.179907984,9.20812e-05
T05_flow_exp1b,d=32;proto=tied;G0=0.01;N=128;c=0.5,8.235261848,8.109463412,-0.0152756
T05_flow_exp1b,d=32;proto=tied;G0=0.01;N=128;c=0.7,4.130068688,4.066436911,-0.015407
T05_flow_exp1b,d=32;proto=tied;G0=0.01;N=128;c=1.0,1.941998461,1.91147053,-0.0157199
T05_flow_exp1b,d=32;proto=tied;G0=0.01;N=128;c=1.4,0.8926459334,0.8784514285,-0.0159016
kappa_eff,d=32;proto=tied;G0=0.01;N=128;c=0.5/0.7/1/1.4,4.153517726,4.154164672,0.000155759
T05_flow_exp1b,d=32;proto=tied;G0=0.01;N=512;c=0.5,8.169903715,8.045694368,-0.0152033
T05_flow_exp1b,d=32;proto=tied;G0=0.01;N=512;c=0.7,4.112628316,4.049413941,-0.0153708
T05_flow_exp1b,d=32;proto=tied;G0=0.01;N=512;c=1.0,1.937588944,1.907164366,-0.0157023
T05_flow_exp1b,d=32;proto=tied;G0=0.01;N=512;c=1.4,0.8914309292,0.8772641678,-0.0158922
kappa_eff,d=32;proto=tied;G0=0.01;N=512;c=0.5/0.7/1/1.4,4.147200874,4.147908833,0.000170708
T05_flow_exp1b,d=32;proto=tied;G0=0.01;N=4096;c=0.5,8.15105868,8.02730494,-0.0151825
T05_flow_exp1b,d=32;proto=tied;G0=0.01;N=4096;c=0.7,4.10757111,4.044477417,-0.0153603
T05_flow_exp1b,d=32;proto=tied;G0=0.01;N=4096;c=1.0,1.93630654,1.905911975,-0.0156972
T05_flow_exp1b,d=32;proto=tied;G0=0.01;N=4096;c=1.4,0.8910771111,0.8769184221,-0.0158894
kappa_eff,d=32;proto=tied;G0=0.01;N=4096;c=0.5/0.7/1/1.4,4.145371836,4.146097274,0.000174999
T05_flow_d64,d=64;pinned1;N=16,inf,inf,0
T05_flow_d64,d=64;pinned1;N=64,inf,inf,0
T05_flow_d64,d=64;pinned1;N=256,inf,inf,0
T05_flow_d64,d=64;pinned0.1;N=16,101.1477907,97.55387686,-0.0355313
T05_steps_d64,d=64;pinned0.1;N=16;steps=flow*4096,414301.3506,399580.6796,-0.0355313
T05_flow_d64,d=64;pinned0.1;N=64,47.79883483,47.00452842,-0.0166177
T05_steps_d64,d=64;pinned0.1;N=64;steps=flow*4096,195784.0275,192530.5484,-0.0166177
T05_flow_d64,d=64;pinned0.1;N=256,43.38037624,42.70106729,-0.0156594
T05_steps_d64,d=64;pinned0.1;N=256;steps=flow*4096,177686.0211,174903.5716,-0.0156594
ratio_T16_over_T256,d=64;pinned0.1,2.331648534,2.284577015,-0.0201881
ratio_T16_over_T64,d=64;pinned0.1,2.116114149,2.075414437,-0.0192332
T05_flow_d64,d=64;pinned0.01;N=16,420.8802128,414.2274578,-0.0158068
T05_steps_d64,d=64;pinned0.01;N=16;steps=flow*4096,1723925.351,1696675.667,-0.0158068
T05_flow_d64,d=64;pinned0.01;N=64,406.6741919,400.3723337,-0.0154961
T05_steps_d64,d=64;pinned0.01;N=64;steps=flow*4096,1665737.49,1639925.079,-0.0154961
T05_flow_d64,d=64;pinned0.01;N=256,403.3085602,397.0880823,-0.0154236
T05_steps_d64,d=64;pinned0.01;N=256;steps=flow*4096,1651951.863,1626472.785,-0.0154236
ratio_T16_over_T256,d=64;pinned0.01,1.043568757,1.043162654,-0.000389148
ratio_T16_over_T64,d=64;pinned0.01,1.034932192,1.034605598,-0.00031557
T05_flow_d64,d=64;free_G0.01_r1;N=16,448.13991,444.2081593,-0.00877349
T05_steps_d64,d=64;free_G0.01_r1;N=16;steps=flow*4096,1835581.071,1819476.621,-0.00877349
T05_flow_d64,d=64;free_G0.01_r1;N=64,153.4347385,152.015022,-0.0092529
T05_steps_d64,d=64;free_G0.01_r1;N=64;steps=flow*4096,628468.6888,622653.5299,-0.0092529
T05_flow_d64,d=64;free_G0.01_r1;N=256,100.7465082,99.92246237,-0.0081794
T05_steps_d64,d=64;free_G0.01_r1;N=256;steps=flow*4096,412657.6975,409282.4059,-0.0081794
ratio_T16_over_T256,d=64;free_G0.01_r1,4.448192976,4.445528551,-0.00059899
ratio_T16_over_T64,d=64;free_G0.01_r1,2.920720004,2.92213331,0.00048389
T05_flow_d64,d=64;free_G0.01_r10;N=16,447.092248,441.1610674,-0.0132661
T05_steps_d64,d=64;free_G0.01_r10;N=16;steps=flow*4096,1831289.848,1806995.732,-0.0132661
T05_flow_d64,d=64;free_G0.01_r10;N=64,122.018093,120.9402311,-0.00883362
T05_steps_d64,d=64;free_G0.01_r10;N=64;steps=flow*4096,499786.1088,495371.1867,-0.00883362
T05_flow_d64,d=64;free_G0.01_r10;N=256,50.07810364,49.68863106,-0.0077773
T05_steps_d64,d=64;free_G0.01_r10;N=256;steps=flow*4096,205119.9125,203524.6328,-0.0077773
ratio_T16_over_T256,d=64;free_G0.01_r10,8.927898931,8.8785112,-0.00553184
ratio_T16_over_T64,d=64;free_G0.01_r10,3.664147153,3.647761074,-0.004472
T05_flow_d64,d=64;free_G0.1_r1;N=16,362.7964688,359.2512779,-0.00977185
T05_steps_d64,d=64;free_G0.1_r1;N=16;steps=flow*4096,1486014.336,1471493.234,-0.00977185
T05_flow_d64,d=64;free_G0.1_r1;N=64,66.9498802,65.91538253,-0.0154518
T05_steps_d64,d=64;free_G0.1_r1;N=64;steps=flow*4096,274226.7093,269989.4068,-0.0154518
T05_flow_d64,d=64;free_G0.1_r1;N=256,40.06405569,39.33765986,-0.0181309
T05_steps_d64,d=64;free_G0.1_r1;N=256;steps=flow*4096,164102.3721,161127.0548,-0.0181309
ratio_T16_over_T256,d=64;free_G0.1_r1,9.055410458,9.132502523,0.00851337
ratio_T16_over_T64,d=64;free_G0.1_r1,5.418926333,5.450188774,0.00576912
T05_flow_d64,d=64;tied_rho0.01;N=16,4.208715915,4.142223488,-0.0157987
T05_steps_d64,d=64;tied_rho0.01;N=16;steps=flow*4096,17238.90039,16966.5474,-0.0157987
T05_flow_d64,d=64;tied_rho0.01;N=64,4.067292933,4.00427676,-0.0154934
T05_steps_d64,d=64;tied_rho0.01;N=64;steps=flow*4096,16659.63185,16401.51761,-0.0154934
T05_flow_d64,d=64;tied_rho0.01;N=256,4.03350684,3.971302036,-0.015422
T05_steps_d64,d=64;tied_rho0.01;N=256;steps=flow*4096,16521.24402,16266.45314,-0.015422
ratio_T16_over_T256,d=64;tied_rho0.01,1.043438398,1.043039147,-0.00038263
ratio_T16_over_T64,d=64;tied_rho0.01,1.034770788,1.034449848,-0.000310156
T05_flow_d64,d=64;tied_rho0.1;N=16,8.130008345,7.941820995,-0.0231473
T05_steps_d64,d=64;tied_rho0.1;N=16;steps=flow*4096,33300.51418,32529.69879,-0.0231473
T05_flow_d64,d=64;tied_rho0.1;N=64,4.764056787,4.685106155,-0.0165721
T05_steps_d64,d=64;tied_rho0.1;N=64;steps=flow*4096,19513.5766,19190.19481,-0.0165721
T05_flow_d64,d=64;tied_rho0.1;N=256,4.340200343,4.272312293,-0.0156417
T05_steps_d64,d=64;tied_rho0.1;N=256;steps=flow*4096,17777.46061,17499.39115,-0.0156417
ratio_T16_over_T256,d=64;tied_rho0.1,1.873187342,1.858904605,-0.00762483
ratio_T16_over_T64,d=64;tied_rho0.1,1.706530528,1.695120822,-0.00668591
T05_flow_d64,d=64;tied_rho0.3;N=16,inf,inf,0
T05_flow_d64,d=64;tied_rho0.3;N=64,7.66518453,7.487948869,-0.0231222
T05_steps_d64,d=64;tied_rho0.3;N=64;steps=flow*4096,31396.59584,30670.63857,-0.0231222
T05_flow_d64,d=64;tied_rho0.3;N=256,5.202863945,5.117998094,-0.0163114
T05_steps_d64,d=64;tied_rho0.3;N=256;steps=flow*4096,21310.93072,20963.32019,-0.0163114
pinned1_initial_drift_dm0,d=64;gamma=1;N=16,-0.1177597046,-0.1177597046,-0
pinned1_initial_drift_dm0,d=64;gamma=1;N=64,-0.02367210388,-0.02367210388,-0
pinned1_initial_drift_dm0,d=64;gamma=1;N=256,-0.0001502037048,-0.0001502037048,-0
tau_prop3,d=512;pinned0.1;N=32,inf,inf,0
tau_prop3,d=512;pinned0.1;N=128,770.5303095,744.7187207,-0.0334985
tau_prop3,d=512;pinned0.1;N=512,385.5116115,379.3442711,-0.0159978
tau_prop3,d=512;free_G0.01_r1;N=32,90278.43025,89276.33263,-0.0111001
tau_times_N_prop3,d=512;free_G0.01_r1;N=32,2888909.768,2856842.644,-0.0111001
tau_prop3,d=512;free_G0.01_r1;N=128,22022.1039,21684.67711,-0.0153222
tau_times_N_prop3,d=512;free_G0.01_r1;N=128,2818829.299,2775638.67,-0.0153222
tau_prop3,d=512;free_G0.01_r1;N=512,5371.3462,5320.345717,-0.00949492
tau_times_N_prop3,d=512;free_G0.01_r1;N=512,2750129.255,2724017.007,-0.00949492
tau_prop3,d=512;tied_rho0.01;N=32,39.33453898,38.67089345,-0.0168718
tau_prop3,d=512;tied_rho0.01;N=128,34.11814323,33.60096507,-0.0151584
tau_prop3,d=512;tied_rho0.01;N=512,33.05317598,32.56277431,-0.0148367
tau_prop3,d=32;pinned0.1;N=32,23.26606114,22.87189297,-0.0169418
tau_prop3,d=32;pinned0.1;N=128,20.93466247,20.60048967,-0.0159627
tau_prop3,d=32;pinned0.1;N=512,20.4358433,20.11372806,-0.0157623
tau_prop3,d=32;pinned0.1;N=2048,20.31551996,19.9962738,-0.0157144
tau_prop3,d=32;free_G0.01_r1;N=32,52.78680406,52.34336868,-0.0084005
tau_times_N_prop3,d=32;free_G0.01_r1;N=32,1689.17773,1674.987798,-0.0084005
tau_prop3,d=32;free_G0.01_r1;N=128,37.07004908,36.77288907,-0.00801618
tau_times_N_prop3,d=32;free_G0.01_r1;N=128,4744.966282,4706.929801,-0.00801618
tau_prop3,d=32;free_G0.01_r1;N=512,33.95519733,33.68521734,-0.00795107
tau_times_N_prop3,d=32;free_G0.01_r1;N=512,17385.06104,17246.83128,-0.00795107
tau_prop3,d=32;free_G0.01_r1;N=2048,33.21423316,32.96416357,-0.00752899
tau_times_N_prop3,d=32;free_G0.01_r1;N=2048,68022.74952,67510.607,-0.00752899
tau_prop3,d=32;tied_rho0.01;N=32,1.959835662,1.928887243,-0.0157913
tau_prop3,d=32;tied_rho0.01;N=128,1.941998461,1.91147053,-0.0157199
tau_prop3,d=32;tied_rho0.01;N=512,1.937588944,1.907164366,-0.0157023
tau_prop3,d=32;tied_rho0.01;N=2048,1.936489639,1.90609079,-0.0156979
T_flow_dscan,fixed G=0.1;N=1e+18;d=16,9.09964804,8.953577571,-0.0160523
T_flow_dscan,fixed G=0.1;N=1e+18;d=32,20.27578549,19.95748346,-0.0156986
T_flow_dscan,fixed G=0.1;N=1e+18;d=64,42.12538581,41.4766594,-0.0153999
T_flow_dscan,fixed G=0.1;N=1e+18;d=128,85.33860684,84.04314108,-0.0151803
T_flow_dscan,fixed G=0.1;N=1e+18;d=256,171.2169297,168.7122701,-0.0146286
T_flow_dscan,fixed G=0.1;N=1e+18;d=512,342.6400318,337.5906288,-0.0147368
T_flow_dscan,fixed G=0.1;N=1e+18;d=1024,685.0140228,674.8893944,-0.0147802
slope_logT_vs_logd,fixed G=0.1;N=1e+18;d=16..1024,1.031547445,1.031888165,0.0003303
T_flow_dscan,fixed G=0.1;N=1024;d=16,9.120563781,8.974001395,-0.0160694
T_flow_dscan,fixed G=0.1;N=1024;d=32,20.35544011,20.03524375,-0.0157303
T_flow_dscan,fixed G=0.1;N=1024;d=64,42.43051612,41.77443549,-0.0154625
T_flow_dscan,fixed G=0.1;N=1024;d=128,86.53427235,85.20963409,-0.0153077
T_flow_dscan,fixed G=0.1;N=1024;d=256,176.0096881,173.3866724,-0.0149027
T_flow_dscan,fixed G=0.1;N=1024;d=512,362.3862233,356.8398229,-0.0153052
T_flow_dscan,fixed G=0.1;N=1024;d=1024,770.3779019,758.0237458,-0.0160365
slope_logT_vs_logd,fixed G=0.1;N=1024;d=16..1024,1.055766529,1.055845484,7.47853e-05
T_flow_dscan,fixed G=0.1;N=128;d=16,9.269995314,9.119893226,-0.0161923
T_flow_dscan,fixed G=0.1;N=128;d=32,20.93466247,20.60048967,-0.0159627
T_flow_dscan,fixed G=0.1;N=128;d=64,44.73445273,44.02113729,-0.0159455
T_flow_dscan,fixed G=0.1;N=128;d=128,96.33502434,94.75502908,-0.016401
T_flow_dscan,fixed G=0.1;N=128;d=256,223.8736731,219.8626981,-0.0179162
T_flow_dscan,fixed G=0.1;N=128;d=512,770.5303095,744.7187207,-0.0334985
T_flow_dscan,fixed G=0.1;N=128;d=1024,inf,inf,0
slope_logT_vs_logd,fixed G=0.1;N=128;d=16..1024,1.235672241,1.231749642,-0.00317447
T_flow_dscan,fixed G=1;N=1e+18;d=16,1.728933128,1.701179738,-0.0160523
T_flow_dscan,fixed G=1;N=1e+18;d=32,3.852399243,3.791921858,-0.0156986
T_flow_dscan,fixed G=1;N=1e+18;d=64,8.003823304,7.880565285,-0.0153999
T_flow_dscan,fixed G=1;N=1e+18;d=128,16.2143353,15.96819681,-0.0151803
T_flow_dscan,fixed G=1;N=1e+18;d=256,32.53121665,32.05533132,-0.0146286
T_flow_dscan,fixed G=1;N=1e+18;d=512,65.10160604,64.14221948,-0.0147368
T_flow_dscan,fixed G=1;N=1e+18;d=1024,130.1526643,128.2289849,-0.0147802
slope_logT_vs_logd,fixed G=1;N=1e+18;d=16..1024,1.031547445,1.031888165,0.0003303
T_flow_dscan,fixed G=1;N=1024;d=16,1.808055687,1.778410202,-0.0163963
T_flow_dscan,fixed G=1;N=1024;d=32,4.166662006,4.098445896,-0.0163719
T_flow_dscan,fixed G=1;N=1024;d=64,9.327955385,9.170197691,-0.0169124
T_flow_dscan,fixed G=1;N=1024;d=128,22.83442153,22.39005753,-0.0194603
T_flow_dscan,fixed G=1;N=1024;d=256,inf,inf,0
T_flow_dscan,fixed G=1;N=1024;d=512,inf,inf,0
T_flow_dscan,fixed G=1;N=1024;d=1024,inf,inf,0
slope_logT_vs_logd,fixed G=1;N=1024;d=16..1024,1.213876649,1.212447048,-0.00117771
T_flow_dscan,fixed G=1;N=128;d=16,2.735001837,2.677599749,-0.020988
T_flow_dscan,fixed G=1;N=128;d=32,inf,inf,0
T_flow_dscan,fixed G=1;N=128;d=64,inf,inf,0
T_flow_dscan,fixed G=1;N=128;d=128,inf,inf,0
T_flow_dscan,fixed G=1;N=128;d=256,inf,inf,0
T_flow_dscan,fixed G=1;N=128;d=512,inf,inf,0
T_flow_dscan,fixed G=1;N=128;d=1024,inf,inf,0
slope_logT_vs_logd,fixed G=1;N=128;d=16..1024,nan,nan,nan
T_flow_dscan,train G0=0.01 r=1;N=1e+18;d=16,12.01710483,11.93075878,-0.00718526
Gamma_at_T05,train G0=0.01 r=1;N=1e+18;d=16,0.2274633169,0.226317928,-0.00503549
T_flow_dscan,train G0=0.01 r=1;N=1e+18;d=32,32.98860791,32.72824574,-0.00789249
Gamma_at_T05,train G0=0.01 r=1;N=1e+18;d=32,0.2438714633,0.2415179925,-0.00965046
T_flow_dscan,train G0=0.01 r=1;N=1e+18;d=64,87.67508835,86.98542625,-0.00786611
Gamma_at_T05,train G0=0.01 r=1;N=1e+18;d=64,0.2487732797,0.2485406921,-0.000934938
T_flow_dscan,train G0=0.01 r=1;N=1e+18;d=128,228.9232954,226.93696,-0.00867686
Gamma_at_T05,train G0=0.01 r=1;N=1e+18;d=128,0.2537736227,0.2519248611,-0.00728508
T_flow_dscan,train G0=0.01 r=1;N=1e+18;d=256,586.1767279,580.5347961,-0.00962497
Gamma_at_T05,train G0=0.01 r=1;N=1e+18;d=256,0.2537736227,0.2535869718,-0.000735501
T_flow_dscan,train G0=0.01 r=1;N=1e+18;d=512,1466.15655,1449.735701,-0.0111999
Gamma_at_T05,train G0=0.01 r=1;N=1e+18;d=512,0.2563113589,0.2544107448,-0.00741526
T_flow_dscan,train G0=0.01 r=1;N=1e+18;d=1024,3567.479219,3518.575364,-0.0137082
Gamma_at_T05,train G0=0.01 r=1;N=1e+18;d=1024,0.2563113589,0.2548208361,-0.00581528
slope_logT_vs_logd,train G0=0.01 r=1;N=1e+18;d=16..1024,1.368927402,1.367472928,-0.00106249
T_flow_dscan,train G0=0.01 r=1;N=1024;d=16,12.09326276,12.01299858,-0.0066371
Gamma_at_T05,train G0=0.01 r=1;N=1024;d=16,0.2252112048,0.2247262233,-0.00215345
T_flow_dscan,train G0=0.01 r=1;N=1024;d=32,33.46748468,33.20229148,-0.00792391
Gamma_at_T05,train G0=0.01 r=1;N=1024;d=32,0.2414568944,0.2390823846,-0.00983409
T_flow_dscan,train G0=0.01 r=1;N=1024;d=64,90.7365996,90.00791783,-0.00803074
Gamma_at_T05,train G0=0.01 r=1;N=1024;d=64,0.246310178,0.2451356885,-0.00476834
T_flow_dscan,train G0=0.01 r=1;N=1024;d=128,250.3586011,248.1416456,-0.00885512
Gamma_at_T05,train G0=0.01 r=1;N=1024;d=128,0.2487732797,0.2473919457,-0.00555258
T_flow_dscan,train G0=0.01 r=1;N=1024;d=256,753.8447951,745.2350573,-0.0114211
Gamma_at_T05,train G0=0.01 r=1;N=1024;d=256,0.2487732797,0.2478891903,-0.0035538
T_flow_dscan,train G0=0.01 r=1;N=1024;d=512,3013.3113,2974.879318,-0.0127541
Gamma_at_T05,train G0=0.01 r=1;N=1024;d=512,0.2493531429,0.2478925478,-0.00585754
T_flow_dscan,train G0=0.01 r=1;N=1024;d=1024,19593.5807,19423.29782,-0.00869075
Gamma_at_T05,train G0=0.01 r=1;N=1024;d=1024,0.2485493905,0.2478923267,-0.00264359
slope_logT_vs_logd,train G0=0.01 r=1;N=1024;d=16..1024,1.715188859,1.714189614,-0.000582586
T_flow_dscan,train G0=0.01 r=1;N=128;d=16,12.69535824,12.60948708,-0.00676398
Gamma_at_T05,train G0=0.01 r=1;N=128;d=16,0.2142807339,0.2138121477,-0.00218679
T_flow_dscan,train G0=0.01 r=1;N=128;d=32,37.07004908,36.77288907,-0.00801618
Gamma_at_T05,train G0=0.01 r=1;N=128;d=32,0.2252112048,0.2231200774,-0.00928518
T_flow_dscan,train G0=0.01 r=1;N=128;d=64,116.139028,115.1633017,-0.00840136
Gamma_at_T05,train G0=0.01 r=1;N=128;d=64,0.2252112048,0.2249697522,-0.00107212
T_flow_dscan,train G0=0.01 r=1;N=128;d=128,473.3893282,467.4796556,-0.0124837
Gamma_at_T05,train G0=0.01 r=1;N=128;d=128,0.2260390315,0.2250388665,-0.00442474
T_flow_dscan,train G0=0.01 r=1;N=128;d=256,2879.331451,2851.991255,-0.00949533
Gamma_at_T05,train G0=0.01 r=1;N=128;d=256,0.2258951055,0.2250388437,-0.00379053
T_flow_dscan,train G0=0.01 r=1;N=128;d=512,22022.1039,21684.67711,-0.0153222
Gamma_at_T05,train G0=0.01 r=1;N=128;d=512,0.2265991874,0.2250388438,-0.00688592
T_flow_dscan,train G0=0.01 r=1;N=128;d=1024,175300.9736,173320.2678,-0.0112989
Gamma_at_T05,train G0=0.01 r=1;N=128;d=1024,0.2267629283,0.2250388437,-0.00760303
slope_logT_vs_logd,train G0=0.01 r=1;N=128;d=16..1024,2.297161074,2.295635054,-0.000664307
T_ratio_d256_over_d128,train G0=0.01 r=1;N=128,6.082375076,6.100781544,0.0030262
T_ratio_d512_over_d256,train G0=0.01 r=1;N=128,7.648339301,7.603346284,-0.00588272
T_ratio_d1024_over_d512,train G0=0.01 r=1;N=128,7.96022825,7.99275299,0.00408591
slope_last_three_d256_1024,train G0=0.01 r=1;N=128,2.963978163,2.962663501,-0.000443546
T_flow_dscan,tied rho0=0.01;N=128;d=16,0.8705052797,0.8565241503,-0.0160609
T_flow_dscan,tied rho0=0.01;N=128;d=32,1.941998461,1.91147053,-0.0157199
T_flow_dscan,tied rho0=0.01;N=128;d=64,4.044702205,3.982229348,-0.0154456
T_flow_dscan,tied rho0=0.01;N=128;d=128,8.235261848,8.109463412,-0.0152756
T_flow_dscan,tied rho0=0.01;N=128;d=256,16.69335857,16.44573081,-0.0148339
T_flow_dscan,tied rho0=0.01;N=128;d=512,34.11814323,33.60096507,-0.0151584
T_flow_dscan,tied rho0=0.01;N=128;d=1024,71.28589785,70.16786006,-0.0156839
slope_logT_vs_logd,tied rho0=0.01;N=128;d=16..1024,1.049352812,1.0495028,0.000142934
T_flow_dscan,tied rho0=0.01;N=1024;d=16,0.8691425044,0.8551925705,-0.0160502
T_flow_dscan,tied rho0=0.01;N=1024;d=32,1.936855938,1.906448517,-0.0156994
T_flow_dscan,tied rho0=0.01;N=1024;d=64,4.02515355,3.963148236,-0.0154045
T_flow_dscan,tied rho0=0.01;N=1024;d=128,8.159123215,8.035174644,-0.0151914
T_flow_dscan,tied rho0=0.01;N=1024;d=256,16.39020196,16.15003771,-0.0146529
T_flow_dscan,tied rho0=0.01;N=1024;d=512,32.88311051,32.39689547,-0.0147862
T_flow_dscan,tied rho0=0.01;N=1024;d=1024,66.07716697,65.09393777,-0.01488
slope_logT_vs_logd,tied rho0=0.01;N=1024;d=16..1024,1.033645721,1.033964324,0.000308232
T_flow_dscan,tied rho0=0.01;N=1e+18;d=16,0.8689481336,0.8550026454,-0.0160487
T_flow_dscan,tied rho0=0.01;N=1e+18;d=32,1.936123476,1.905733194,-0.0156965
T_flow_dscan,tied rho0=0.01;N=1e+18;d=64,4.022377303,3.960438193,-0.0153986
T_flow_dscan,tied rho0=0.01;N=1e+18;d=128,8.148374458,8.024685519,-0.0151796
T_flow_dscan,tied rho0=0.01;N=1e+18;d=256,16.34791864,16.10878322,-0.0146279
T_flow_dscan,tied rho0=0.01;N=1e+18;d=512,32.71505931,32.23295762,-0.0147364
T_flow_dscan,tied rho0=0.01;N=1e+18;d=1024,65.40414376,64.43747195,-0.01478
slope_logT_vs_logd,tied rho0=0.01;N=1e+18;d=16..1024,1.031511256,1.031851221,0.000329579
T_flow_dscan,tied rho0=1.0;N=128;d=16,2.293585807,2.24605951,-0.0207214
T_flow_dscan,tied rho0=1.0;N=128;d=32,inf,inf,0
T_flow_dscan,tied rho0=1.0;N=128;d=64,inf,inf,0
T_flow_dscan,tied rho0=1.0;N=128;d=128,inf,inf,0
T_flow_dscan,tied rho0=1.0;N=128;d=256,inf,inf,0
T_flow_dscan,tied rho0=1.0;N=128;d=512,inf,inf,0
T_flow_dscan,tied rho0=1.0;N=128;d=1024,inf,inf,0
slope_logT_vs_logd,tied rho0=1.0;N=128;d=16..1024,nan,nan,nan
T_flow_dscan,tied rho0=1.0;N=1024;d=16,1.78651312,1.75716201,-0.0164293
T_flow_dscan,tied rho0=1.0;N=1024;d=32,4.073243452,4.006704015,-0.0163357
T_flow_dscan,tied rho0=1.0;N=1024;d=64,8.908351479,8.759174457,-0.0167457
T_flow_dscan,tied rho0=1.0;N=1024;d=128,20.33812845,19.95562598,-0.0188072
T_flow_dscan,tied rho0=1.0;N=1024;d=256,inf,inf,0
T_flow_dscan,tied rho0=1.0;N=1024;d=512,inf,inf,0
T_flow_dscan,tied rho0=1.0;N=1024;d=1024,inf,inf,0
slope_logT_vs_logd,tied rho0=1.0;N=1024;d=16..1024,1.165588597,1.164480822,-0.0009504
T_flow_dscan,tied rho0=1.0;N=1e+18;d=16,1.728933128,1.701179738,-0.0160523
T_flow_dscan,tied rho0=1.0;N=1e+18;d=32,3.852399243,3.791921858,-0.0156986
T_flow_dscan,tied rho0=1.0;N=1e+18;d=64,8.003823304,7.880565285,-0.0153999
T_flow_dscan,tied rho0=1.0;N=1e+18;d=128,16.2143353,15.96819681,-0.0151803
T_flow_dscan,tied rho0=1.0;N=1e+18;d=256,32.53121665,32.05533132,-0.0146286
T_flow_dscan,tied rho0=1.0;N=1e+18;d=512,65.10160604,64.14221948,-0.0147368
T_flow_dscan,tied rho0=1.0;N=1e+18;d=1024,130.1526643,128.2289849,-0.0147802
slope_logT_vs_logd,tied rho0=1.0;N=1e+18;d=16..1024,1.031547445,1.031888165,0.0003303
T_N128_over_T_N2048_free,d=16;G0=0.01;r=1,1.052086257,1.053266931,0.00112222
T_N128_over_T_N2048_free,d=24;G0=0.01;r=1,1.081791629,1.082121248,0.000304697
T_N128_over_T_N2048_free,d=32;G0=0.01;r=1,1.116089265,1.115541397,-0.000490882
T_N128_over_T_N2048_free,d=48;G0=0.01;r=1,1.197694343,1.197543187,-0.000126206
T_N128_over_T_N2048_free,d=64;G0=0.01;r=1,1.301981654,1.301582786,-0.000306355
T_N128_over_T_N2048_free,d=128;G0=0.01;r=1,1.978134576,1.970704862,-0.00375592
