experiment,protocol,N,scheme_or_m0scale,B,m0,n_seeds,n_reached,status,T_sgd_seeds,T_sgd_median,T_ode_steps,ratio_median,ratio_boot68_lo,ratio_boot68_hi,ratio_min,ratio_max,ratio_cap_over_ode_lowerbound_for_censored,in_summary,note
exp1b,tied,4096,0.7,8,0.12374,3,3,uncensored,4164/2895/4714,4164,4206.2,0.98998,0.68828,1.1207,0.68828,1.1207,,True,
exp1b,tied,4096,0.5,8,0.088388,3,3,uncensored,10324/11225/15879,11225,8346.7,1.3448,1.2369,1.9024,1.2369,1.9024,,True,
exp1b,tied,4096,1.0,8,0.17678,3,3,uncensored,2562/1879/2155,2155,1982.8,1.0869,0.94766,1.2921,0.94766,1.2921,,True,
exp1b,tied,4096,1.4,8,0.24749,3,3,uncensored,868/763/1073,868,912.46,0.95127,0.8362,1.1759,0.8362,1.1759,,True,
exp1b,free10,4096,0.7,8,0.12374,3,3,uncensored,45212/38666/36700,38666,36103,1.071,1.0165,1.2523,1.0165,1.2523,,True,
exp1b,free10,4096,0.5,8,0.088388,3,3,uncensored,75209/131174/198906,1.3117e+05,97689,1.3428,0.76988,2.0361,0.76988,2.0361,,True,
exp1b,free10,4096,1.0,8,0.17678,3,3,uncensored,10036/18337/16131,16131,12880,1.2524,0.77918,1.4237,0.77918,1.4237,,True,
exp1b,free10,4096,1.4,8,0.24749,3,3,uncensored,4625/5290/3972,4625,4821.2,0.9593,0.82386,1.0972,0.82386,1.0972,,True,
exp1b,tied,128,0.5,32,0.088388,3,3,uncensored,9464/6961/17541,9464,8432.9,1.1223,0.82546,2.0801,0.82546,2.0801,,True,
exp1b,tied,128,0.7,32,0.12374,3,3,uncensored,3670/3534/3929,3670,4229.2,0.86778,0.83562,0.92902,0.83562,0.92902,,True,
exp1b,tied,128,1.0,32,0.17678,3,3,uncensored,1773/2091/1749,1773,1988.6,0.89158,0.87951,1.0515,0.87951,1.0515,,True,
exp1b,tied,128,1.4,32,0.24749,3,3,uncensored,939/873/1163,939,914.07,1.0273,0.95507,1.2723,0.95507,1.2723,,True,
exp1b,tied,512,0.5,8,0.088388,3,3,uncensored,7418/10491/12164,10491,8366,1.254,0.88669,1.454,0.88669,1.454,,True,
exp1b,tied,512,0.7,8,0.12374,3,3,uncensored,6432/3003/2769,3003,4211.3,0.71308,0.65751,1.5273,0.65751,1.5273,,True,
exp1b,tied,512,1.0,8,0.17678,3,3,uncensored,1462/2152/2292,2152,1984.1,1.0846,0.73686,1.1552,0.73686,1.1552,,True,
exp1b,tied,512,1.4,8,0.24749,3,3,uncensored,1016/792/824,824,912.83,0.90269,0.86764,1.113,0.86764,1.113,,True,
exp1b,free1,4096,1.0,8,0.17678,3,3,uncensored,29735/39473/40165,39473,33883,1.165,0.87759,1.1854,0.87759,1.1854,,True,
exp1b,free1,4096,0.7,8,0.12374,3,3,uncensored,96032/93000/97450,96032,93168,1.0307,0.99819,1.046,0.99819,1.046,,True,
exp1b,free1,4096,1.4,8,0.24749,3,3,uncensored,11110/11269/13455,11269,12703,0.8871,0.87458,1.0592,0.87458,1.0592,,True,
exp1b,tied,32,0.5,32,0.088388,3,3,uncensored,5009/11595/12188,11595,8713.1,1.3308,0.57488,1.3988,0.57488,1.3988,,True,
exp1b,tied,32,0.7,32,0.12374,3,3,uncensored,2356/6076/2757,2757,4302.3,0.64082,0.54762,1.4123,0.54762,1.4123,,True,
exp1b,tied,32,1.0,32,0.17678,3,3,uncensored,1465/2306/1026,1465,2006.9,0.72999,0.51124,1.1491,0.51124,1.1491,,True,
exp1b,tied,32,1.4,32,0.24749,3,3,uncensored,982/1104/1059,1059,919.08,1.1522,1.0685,1.2012,1.0685,1.2012,,True,
exp1b,free1,512,0.7,8,0.12374,3,3,uncensored,110838/97678/95602,97678,99131,0.98534,0.9644,1.1181,0.9644,1.1181,,True,
exp1b,free1,512,0.5,8,0.088388,3,3,uncensored,175302/259763/279346,2.5976e+05,2.811e+05,0.9241,0.62363,0.99377,0.62363,0.99377,,True,
exp1b,free1,512,1.0,8,0.17678,3,3,uncensored,40558/33915/33588,33915,34770,0.97541,0.966,1.1665,0.966,1.1665,,True,
exp1b,free1,512,1.4,8,0.24749,3,3,uncensored,11664/13615/14129,13615,12867,1.0581,0.90652,1.0981,0.90652,1.0981,,True,
exp1b,free10,512,0.7,8,0.12374,3,3,uncensored,46805/52627/49873,49873,43326,1.1511,1.0803,1.2147,1.0803,1.2147,,True,
exp1b,free10,512,0.5,8,0.088388,3,3,uncensored,77688/99623/106513,99623,1.5437e+05,0.64534,0.50325,0.68997,0.50325,0.68997,,True,
exp1b,free10,512,1.0,8,0.17678,3,3,uncensored,11183/15902/15664,15664,13890,1.1277,0.80509,1.1448,0.80509,1.1448,,True,
exp1b,free10,512,1.4,8,0.24749,3,3,uncensored,3916/5662/5630,5630,5001.8,1.1256,0.78292,1.132,0.78292,1.132,,True,
exp1b,free1,128,0.7,32,0.12374,3,3,uncensored,107634/130017/115305,1.153e+05,1.2329e+05,0.93527,0.87304,1.0546,0.87304,1.0546,,True,
exp1b,free1,128,1.0,32,0.17678,3,3,uncensored,36882/40733/33986,36882,37960,0.97161,0.89532,1.0731,0.89532,1.0731,,True,
exp1b,free1,128,1.4,32,0.24749,3,3,uncensored,13124/13516/13682,13516,13434,1.0061,0.97691,1.0184,0.97691,1.0184,,True,
exp1b,free10,128,0.7,32,0.12374,3,3,uncensored,69730/88285/83596,83596,77278,1.0818,0.90232,1.1424,0.90232,1.1424,,True,
exp1b,free10,128,1.0,32,0.17678,3,3,uncensored,17619/16305/23037,17619,18000,0.97884,0.90584,1.2798,0.90584,1.2798,,True,
exp1b,free10,128,1.4,32,0.24749,3,3,uncensored,5385/5716/5879,5716,5700.8,1.0027,0.9446,1.0313,0.9446,1.0313,,True,
exp1b,free1,32,0.7,32,0.12374,3,3,uncensored,158107/178694/216571,1.7869e+05,2.6313e+05,0.67912,0.60088,0.82306,0.60088,0.82306,,True,
exp1b,free1,32,1.0,32,0.17678,3,3,uncensored,59204/47882/53477,53477,54054,0.98933,0.88582,1.0953,0.88582,1.0953,,True,
exp1b,free1,32,1.4,32,0.24749,3,3,uncensored,16764/16721/16765,16764,15956,1.0507,1.048,1.0507,1.048,1.0507,,True,
exp1b,free10,32,1.0,32,0.17678,3,3,uncensored,50519/38265/40820,40820,40198,1.0155,0.95191,1.2568,0.95191,1.2568,,True,
exp1b,free10,32,1.4,32,0.24749,3,3,uncensored,9636/11007/10082,10082,9234,1.0918,1.0435,1.192,1.0435,1.192,,True,
exp1b,free1,128,0.5,32,0.088388,3,3,uncensored,578587/361530/872621,5.7859e+05,4.8475e+05,1.1936,0.74581,1.8001,0.74581,1.8001,,True,
exp1b,free1,4096,0.5,8,0.088388,3,3,uncensored,198772/253735/296213,2.5374e+05,2.3964e+05,1.0588,0.82946,1.2361,0.82946,1.2361,,True,
exp1b,free10,128,0.5,32,0.088388,3,1,censored(1/3 reached),260308/cens>=1000000/cens>=1000000,,4.2585e+05,,,,,,2.3483,False,
exp1b,free1,32,0.5,32,0.088388,3,0,censored(0/3 reached),cens>=1000000/cens>=1000000/cens>=1000000,,1.5911e+06,,,,,,0.62848,False,
exp1b,free10,32,0.7,32,0.12374,3,3,uncensored,201581/204798/375827,2.048e+05,2.4695e+05,0.82931,0.81629,1.5219,0.81629,1.5219,,True,
exp1b,free10,32,0.5,32,0.088388,3,0,censored(0/3 reached),cens>=1000000/cens>=1000000/cens>=1000000,,1.6157e+06,,,,,,0.6186,False,
exp6,pinned0.1,16,B64,64,0.125,3,3,uncensored,396360/375718/435745,3.9636e+05,4.137e+05,0.95809,0.9082,1.0533,0.9082,1.0533,,True,
exp6,pinned0.1,64,B64,64,0.125,3,3,uncensored,192356/184478/204102,1.9236e+05,1.9661e+05,0.97837,0.9383,1.0381,0.9383,1.0381,,True,duplicate of the other scheme (identical runs at N=64)
exp6,pinned0.1,256,B64,64,0.125,3,3,uncensored,178220/172147/180436,1.7822e+05,1.7613e+05,1.0119,0.9774,1.0245,0.9774,1.0245,,True,
exp6,pinned0.1,16,tok,256,0.125,3,3,uncensored,395743/347440/576183,3.9574e+05,4.137e+05,0.9566,0.83984,1.3928,0.83984,1.3928,,True,
exp6,pinned0.1,64,tok,64,0.125,3,3,uncensored,192356/184478/204102,1.9236e+05,1.9661e+05,0.97837,0.9383,1.0381,0.9383,1.0381,,True,duplicate of the other scheme (identical runs at N=64)
exp6,pinned0.1,256,tok,16,0.125,3,3,uncensored,178969/161622/179476,1.7897e+05,1.7613e+05,1.0161,0.91764,1.019,0.91764,1.019,,True,
exp6,free,16,B64,64,0.125,3,3,uncensored (rerun 2.5e6 cap),1878749/1729934/2037708,1.8787e+06,1.835e+06,1.0238,0.94274,1.1105,0.94274,1.1105,,True,
exp6,free,64,B64,64,0.125,3,3,uncensored,632151/613975/592577,6.1398e+05,6.2669e+05,0.97971,0.94557,1.0087,0.94557,1.0087,,True,duplicate of the other scheme (identical runs at N=64)
exp6,free,256,B64,64,0.125,3,3,uncensored,411137/381685/430747,4.1114e+05,4.137e+05,0.99381,0.92262,1.0412,0.92262,1.0412,,True,
exp6,free,16,tok,256,0.125,3,3,uncensored (rerun 2.5e6 cap),1695529/1779437/1789265,1.7794e+06,1.835e+06,0.96972,0.92399,0.97507,0.92399,0.97507,,True,
exp6,free,64,tok,64,0.125,3,3,uncensored,632151/613975/592577,6.1398e+05,6.2669e+05,0.97971,0.94557,1.0087,0.94557,1.0087,,True,duplicate of the other scheme (identical runs at N=64)
exp6,free,256,tok,16,0.125,3,3,uncensored,402442/354938/471462,4.0244e+05,4.137e+05,0.9728,0.85797,1.1396,0.85797,1.1396,,True,
exp6,tied,16,B64,64,0.125,3,3,uncensored,15559/23268/18883,18883,17244,1.095,0.90228,1.3493,0.90228,1.3493,,True,
exp6,tied,64,B64,64,0.125,3,3,uncensored,18536/15137/13736,15137,16671,0.908,0.82396,1.1119,0.82396,1.1119,,True,duplicate of the other scheme (identical runs at N=64)
exp6,tied,256,B64,64,0.125,3,3,uncensored,16066/16327/17080,16327,16507,0.9891,0.97329,1.0347,0.97329,1.0347,,True,
exp6,tied,16,tok,256,0.125,3,3,uncensored,18142/16975/17037,17037,17244,0.98799,0.98439,1.0521,0.98439,1.0521,,True,
exp6,tied,64,tok,64,0.125,3,3,uncensored,18536/15137/13736,15137,16671,0.908,0.82396,1.1119,0.82396,1.1119,,True,duplicate of the other scheme (identical runs at N=64)
exp6,tied,256,tok,16,0.125,3,3,uncensored,14048/14003/16748,14048,16507,0.85104,0.84831,1.0146,0.84831,1.0146,,True,
