proto,N,B,seed,steps_run,Te05,Te025,reached05,reached025,final_mse,min_mse,init_mse,init_align,final_align,max_align,ao0_norm_init,ao0_norm_final,ao1_norm_init,ao1_norm_final,censored_by,wall_s,cpu_s,threads
Os,16,64,1,30000,,,0,0,1.0578847080469131,1.0530728548765182,1.3261292651295662,0.15154877305030823,0.22992967069149017,0.3202187418937683,0.4595668613910675,0.4595668613910675,0.4614940583705902,0.4614940583705902,max_steps,342.1,340.4,1
Os,16,64,0,30000,,,0,0,0.8311823830008507,0.8301461264491081,1.500847488641739,0.12613952159881592,0.3085780143737793,0.43161606788635254,0.4642781913280487,0.4642781913280487,0.4617418646812439,0.4617418646812439,max_steps,344.2,343.0,1
O1,256,64,1,7400,7200,7400,1,1,0.21076930221170187,0.21076930221170187,1.1390095502138138,0.15154877305030823,0.9457299113273621,0.9457299113273621,4.595668315887451,4.595668315887451,4.614940643310547,4.614940643310547,,2207.9,2197.8,1
O1,16,1024,0,15200,15000,15200,1,1,0.08748295949772,0.08748295949772,1.5265501588582993,0.12613952159881592,0.9849100112915039,0.9849100112915039,4.642782211303711,4.642782211303711,4.6174187660217285,4.6174187660217285,,2812.8,2798.4,1
Os,256,64,0,6000,5400,6000,1,1,0.21402697823941708,0.21402697823941708,1.8156575113534927,0.12613952159881592,0.9322215914726257,0.9322215914726257,0.4642781913280487,0.4642781913280487,0.4617418646812439,0.4617418646812439,,1766.4,1761.4,1
O1,256,64,0,13800,13600,13800,1,1,0.18090642057359219,0.18090642057359219,1.8581242859363556,0.12613952159881592,0.9713166952133179,0.9713166952133179,4.642782211303711,4.642782211303711,4.6174187660217285,4.6174187660217285,,4056.3,4024.5,1
O1,16,64,0,30000,,,0,0,0.8311761543154716,0.8304350674152374,1.5265501588582993,0.12613952159881592,0.22201992571353912,0.4056180715560913,4.642782211303711,4.642782211303711,4.6174187660217285,4.6174187660217285,max_steps,336.6,335.0,1
O1,16,1024,1,26600,26400,26600,1,1,0.161253672093153,0.161253672093153,1.3435568287968636,0.15154877305030823,0.9891663789749146,0.9891663789749146,4.595668315887451,4.595668315887451,4.614940643310547,4.614940643310547,,4878.6,4864.4,1
O1,16,64,1,30000,,,0,0,1.0579250901937485,1.0529998615384102,1.3435568287968636,0.15154877305030823,0.23082809150218964,0.3792480528354645,4.595668315887451,4.595668315887451,4.614940643310547,4.614940643310547,max_steps,342.6,340.9,1
Os,16,1024,0,8000,,,0,0,0.8310775682330132,0.8306933343410492,1.500847488641739,0.12613952159881592,0.22988930344581604,0.3020460903644562,0.4642781913280487,0.4642781913280487,0.4617418646812439,0.4617418646812439,killed_8000_cpu_budget,1543.2,1541.3,1
Os,256,64,1,10800,,,0,0,0.8443746492266655,0.843796581029892,1.1224190145730972,0.15154877305030823,0.22774411737918854,0.3015463352203369,0.4595668613910675,0.4595668613910675,0.4614940583705902,0.4614940583705902,killed_10800_cpu_budget,3051.4,3045.6,1
