tag,model,seed,alpha,steps,n_learned,n_learned_first8,n_at_init_ge05,t3,t8,win_n,expo_align,expo_align_se,expo_mse,expo_mse_se,expo_align_dropwin,expo_align_dropwin_se,win_drop,L_align_end,L_mse_end,slope_T05,slope_T05_se,slope_T05_n,slope_T09,slope_T09_se,slope_T09_n,slope_T05d,slope_T05d_se,slope_T05d_n,slope8_T05,slope8_T05_se,slope8_T05_n,slope8_T09,slope8_T09_se,slope8_T09_n,slope8_T05d,slope8_T05d_se,slope8_T05d_n,slope_T05d_m0corr,slope_T05d_m0corr_se,sharp_mse_median,sharp_mse_n,min_neuron_maxm_end,sharp_d_median,sharp_m_median,sharp_d_median_p_le8,neurons_ge09,neurons_05_09,neurons_lt05,neurons_lt01,cpu_s,stop_reason,slope_Tq05,slope_Tq05_se,slope_Tq05_n,sharp_q_median
A_a1.0,A,0,1.0,307000,14,8,5,0.0,16163.526460398996,16,0.13203358272640597,0.017496941750126123,0.026989815910498205,0.004385697773157178,0.5677897672872563,0.005580951786151652,"(np.float64(43303.75773863208), np.float64(109249.36005231105))",0.024232798584360747,0.3573168015866361,0.31047206556983725,0.7330634598408199,9,0.8859754107353297,0.1555943549609548,14,0.8675588167210863,0.17539588704677808,14,1.5172260421684542,0.5640332293837549,7,1.4025931030160557,0.1729739596416048,8,1.4505096725412014,0.19418793819704075,8,1.0110455351634073,0.10521312450597556,1.0861972415891057,14.0,0.3117910325527191,1.0348010117083817,2.151610562604654,0.9545865395877954,47,12,5,0,844.108398441,skills_learned,,,,
A_a1.0,A,1,1.0,191000,10,8,2,1424.18131212226,17443.952741522055,16,0.18989201645213022,0.022760181368508794,0.039239090362702844,0.00610285625186301,0.5722297318785728,0.006775233715299784,"(np.float64(35488.58357029814), np.float64(119488.79810056325))",0.09788095583425892,0.40804801152928327,1.0532596659919307,0.5313578797147464,9,1.0037852500748068,0.14874519661696264,10,0.9697543240936767,0.1722740269893575,10,2.148761379232784,0.3420100573276557,7,1.0697694338194785,0.20892522383469642,8,1.0867888936162222,0.23192474137767488,8,0.985153239047824,0.04983085864564622,1.0254842023603543,10.0,0.3669126331806183,1.102204858352629,4.651068068902312,1.1327288370756423,37,21,6,0,526.631075162,skills_learned,,,,
A_a1.0,A,2,1.0,256000,13,8,3,0.0,26631.820499745027,26,0.10517555621711999,0.017452888251115493,0.04282571435706804,0.00903166808653672,0.8815418934232092,0.00328873522882722,"(np.float64(53953.24549601276), np.float64(116416.90492070744))",0.04930952770246505,0.3662676478792407,0.38856492439279033,0.3582126174433398,10,0.8231155992812801,0.09320563052397851,13,0.7751119717406606,0.110101774374117,13,0.731468887257132,0.3346926635788111,8,0.9527903854447763,0.15072126975199465,8,0.9484121848892028,0.16871505980002421,8,1.0539081311939584,0.08178673664492177,0.8772381675699822,13.0,0.476718932390213,0.9310406020569388,1.81710844836375,0.9227580354794509,42,20,2,0,702.650485085,skills_learned,,,,
A_a1.5,A,0,1.5,244000,8,8,1,3154.3614971412203,62081.060590946276,59,0.4569610287557247,0.010424051455182154,0.32824300095678455,0.005413147227371757,0.7258548835277306,0.015683688469895516,"(np.float64(53673.05613536559), np.float64(152509.394992364))",0.06593347446265366,0.2988240990614125,1.562530136611406,0.5126159484853661,7,1.474820539331057,0.15150614779743823,8,1.4627136725959171,0.17844680743285793,8,1.562530136611406,0.5126159484853661,7,1.474820539331057,0.15150614779743823,8,1.4627136725959171,0.17844680743285793,8,1.5168018291360315,0.043435704519620325,0.8239936760322766,8.0,0.2941799461841583,1.0500926413503016,2.388282018246735,1.0500926413503016,34,14,16,0,652.850808699,skills_learned,,,,
A_a1.5,A,1,1.5,249000,9,8,2,2661.180838613342,36943.86610200948,34,0.4165872197532094,0.01089947912646285,0.2840473680936169,0.009531979199472353,0.8500910813376996,0.005539329220305107,"(np.float64(45777.999030638784), np.float64(151288.0895374179))",0.06140570838224761,0.2908121116591625,1.1585391109170242,0.31103018085071665,7,1.30085166269937,0.1052165229415208,9,1.2556902569600972,0.12650160772314858,9,1.1585391109170242,0.31103018085071665,7,1.3602195707339868,0.11443176598111236,8,1.3358411534673205,0.13342649758472702,8,1.4610244288442567,0.047702492367273974,1.0049967209890436,9.0,0.3049490451812744,1.1019637958024184,2.758879183447073,1.0807158751709056,33,18,13,0,670.686945294,skills_learned,,,,
A_a1.5,A,2,1.5,506000,11,8,2,880.1802767112871,31560.4137865281,31,0.33908706582468173,0.01645940205577964,0.1981104043713931,0.01660371932673037,0.7081922143351093,0.0029791109657632763,"(np.float64(45909.31519326816), np.float64(178031.95384094116))",0.029749862445541474,0.25293671245891935,1.8110941589452516,0.3883883198751204,9,1.5485859414395855,0.11914432925829678,11,1.558343495622208,0.13165954705487365,11,2.227472687136126,0.3812074899610724,7,1.691061449739787,0.14322911088644377,8,1.7106623756261137,0.16135231407843253,8,1.595573149549964,0.07160050603248108,1.086026328663635,11.0,0.29911935329437256,1.0529818679374185,3.3427530358971684,1.073519213562234,44,13,7,0,1364.455646174,skills_learned,,,,
A_a1.5,A,3,1.5,275000,8,8,4,0.0,49413.33976601134,49,0.30885828826278133,0.013692885976020466,0.22913946856666417,0.011509063843853903,0.692239422298941,0.009478743824031131,"(np.float64(34260.957646072326), np.float64(195272.92123187054))",0.06528205420596278,0.2767581554494568,1.3144680514469271,0.8775908351762199,6,1.5869210658524977,0.2599219048887022,8,1.604187563963828,0.2912248811347739,8,1.3144680514469271,0.8775908351762199,6,1.5869210658524977,0.2599219048887022,8,1.604187563963828,0.2912248811347739,8,1.5269171099604588,0.0983763006249716,1.1088924650526966,8.0,0.2750125229358673,1.0762691142234118,1.8587442320577887,1.0762691142234118,35,17,12,0,754.5114721279999,skills_learned,,,,
A_a1.5,A,4,1.5,408000,9,8,3,0.0,13625.734923567948,13,0.30119436038677355,0.04765776528804204,0.05308757730575389,0.010421640485702146,0.5311511048272768,0.002222707628081825,"(np.float64(34391.10108937604), np.float64(291975.7068306994))",0.06878014879614534,0.24514360375854521,2.2153278862762997,0.5203742122307274,7,1.6970895676145135,0.110964871091961,9,1.7175832729405707,0.12592643104986573,9,2.2153278862762997,0.5203742122307274,7,1.686239454799813,0.13056192559339852,8,1.7021339883441804,0.1478653794274849,8,1.6916833728455742,0.0752918450824127,1.3301439082036985,9.0,0.31840986013412476,1.1406818439215156,4.595039137153017,1.1947204649046321,46,12,6,0,1120.061923757,skills_learned,,,,
B_a1.0_rho0.0566,B,0,1.0,3000000,10,6,5,0.0,5001.327790190836,5,0.05699437402287805,0.00726666289956651,0.2517198829881861,0.03708800969815735,0.136112500990018,0.0011389419863619683,"(np.float64(13371.908715600995), np.float64(21099.086770887254))",0.5128854644549206,5.518362417767677e-06,-0.32952870974411025,0.42380232229793346,8,,,0,0.5162780207435642,0.14679304007777477,10,0.9080021686337778,0.5076046421358487,5,,,0,0.5736242220519069,0.19074062648530232,6,0.5757959199730189,0.1820075091867783,,,0.3962598741054535,4.872002129261945,12.056609222662571,3.447116901178532,0,46,18,0,186.110253235,max_steps,0.7644256939585117,0.07283594588125776,14.0,5.066243504085517
B_a1.0_rho0.0566,B,1,1.0,3000000,10,7,2,622.0489937329379,5588.732128533006,5,0.06531341686414224,0.00903410900834739,0.24139690216026172,0.03649986323143068,0.12614084485843283,0.005081358049280123,"(np.float64(7916.96443257576), np.float64(33327.41928095701))",0.5063639909198834,5.513834727401999e-06,1.188728380922607,0.5579557982501762,9,,,0,0.7177554304267801,0.18041815836784253,10,1.8926689644046333,0.39738883558124954,7,,,0,0.44675728569175105,0.3111863956345887,7,0.5144107930662044,0.2235943979596432,,,0.39592108130455017,4.815769435761289,15.833954908344403,4.928622687374112,0,40,24,0,184.62908617199992,max_steps,0.7807097508309946,0.12994241692687783,13.0,4.607891136796545
B_a1.0_rho0.0566,B,2,1.0,3000000,10,8,3,0.0,10789.017441456466,10,0.06844100373290447,0.008077371480384002,0.4406590715574123,0.053742360303884955,0.1386320552677812,0.0021977254100117045,"(np.float64(11807.347041835003), np.float64(25079.699592868004))",0.5527812720544635,5.505192014403252e-06,0.7464628154230613,0.29527735275486167,10,,,0,0.6164358754788121,0.09765190317012486,10,0.8605131823954691,0.41407501339466246,8,,,0,0.6591221384131917,0.12301745398728212,8,0.7638358045053705,0.1541310850630655,,,0.390820175409317,4.861018214005487,5.137895143105306,4.22075179890936,0,46,18,0,184.856508092,max_steps,0.7794703944905258,0.12344940913554275,11.0,4.470083720136116
B_a1.0_rho0.1,B,0,1.0,3000000,9,6,5,0.0,2908.4673146282557,2,,,,,,,"(np.float64(4284.139145180595), np.float64(6782.62277852758))",0.6128264540935744,0.2411713223035637,-0.3694296009961523,0.4282798807200063,7,,,0,0.2496937144486127,0.12329868138707896,9,0.9086877621227638,0.5940429522806885,5,,,0,0.5259084851281692,0.18285616256054876,6,0.2913615309107808,0.12205260448390232,,,0.35682979226112366,3.4871917359140103,3.1778463336445077,2.704642268257646,0,23,41,0,184.7101073880001,max_steps,0.05064242397094859,0.05490875761476312,4.0,1.8481841729432782
B_a1.0_rho0.1,B,1,1.0,3000000,9,7,2,349.4313405486371,2824.6175970715126,2,,,,,0.11595101117235837,0.0029788027597109977,"(np.float64(3293.705439283008), np.float64(7025.915379910394))",0.600080755820964,0.24116670034570553,1.8961420546352206,0.3826654060907271,8,,,0,0.44434549078019603,0.12029796636661078,9,1.9824923077163887,0.48419334778825596,7,,,0,0.29695107677776705,0.17387560961880527,7,0.13370995023215307,0.1204855973665869,,,0.32060831785202026,3.657894625914169,4.605049838551382,3.8516194948384093,0,26,38,0,185.56860341200013,max_steps,-0.1739144491350041,0.16937233803754959,5.0,1.849323750015661
B_a1.0_rho0.1,B,2,1.0,3000000,7,6,3,0.0,4890.264387269351,4,0.05898077678353126,0.007139633792317856,0.46393930331142397,0.05356298295263623,,,"(np.float64(4343.559245650271), nan)",0.6755523559795645,0.24115026094220957,0.5157637923151671,0.12374274584119813,7,,,0,0.37807608396049175,0.09000919021610759,7,0.40455164961213425,0.12754269589388698,6,,,0,0.4748310857888891,0.07857904575996144,6,0.46309777304372074,0.16015760052467107,,,0.34036901593208313,3.044056571069644,2.5838279425387434,2.920029289376001,0,26,38,0,184.9638573950001,max_steps,-0.2992990954290091,0.24838620430784814,5.0,1.8581279751636108
B_a1.5_rho0.0496,B,0,1.5,3000000,8,8,1,1946.3822904007593,25734.148902177385,24,0.25149237221818704,0.008124833994181905,0.9806303387676234,0.06356352387461724,0.21520109396837672,0.007542923089660903,"(np.float64(13837.287504022146), np.float64(28822.473256963574))",0.4021560164465844,5.652916273447016e-06,1.2646789122803794,0.49716083928415333,7,,,0,0.6599594862154141,0.15304680092069137,8,1.2646789122803794,0.49716083928415333,7,,,0,0.6599594862154141,0.15304680092069137,8,0.714047642755528,0.0746452297248669,,,0.41404855251312256,3.9782734077209305,7.200220680106639,3.9782734077209305,0,51,13,0,183.096093125,max_steps,0.7875648657656101,0.16522925242355754,8.0,3.7272063669716142
B_a1.5_rho0.0496,B,1,1.5,3000000,10,8,2,1870.4923970342954,8844.19675308941,7,0.15593121585545408,0.01527305607356499,0.4450513948107992,0.048809508395768204,0.17681349384801123,0.005894229690444977,"(np.float64(15533.596176072651), np.float64(40616.83499765648))",0.36474321245242325,5.6354587702092695e-06,0.6928038967609992,0.335425870999955,9,,,1,0.706172744124493,0.12737988907735442,10,1.0577241729479,0.43642806108179755,7,,,1,0.8054697915141474,0.16746458846521436,8,0.8299065983786165,0.10785246085533487,,,0.40804243087768555,4.217839192482491,12.949717647192362,3.727609789096621,1,50,13,0,182.732938424,max_steps,0.9608194982845337,0.09305717158135475,10.0,3.57843880076763
B_a1.5_rho0.0496,B,2,1.5,3000000,7,7,2,563.1503303106176,84944.76486246672,84,0.15446860715299107,0.0037279978377418284,1.3488556488889316,0.03901120095101016,,,"(np.float64(15516.305031375738), nan)",0.3908712555010713,5.662254171630875e-06,2.0252091783905324,0.3702885016315095,6,,,1,0.8609365455955456,0.11596690778926491,7,2.0252091783905324,0.3702885016315095,6,,,1,0.8609365455955456,0.11596690778926491,7,0.800818074468856,0.12774086917316393,,,0.387963205575943,4.318920249163989,12.616722707443543,4.318920249163989,1,49,14,0,182.432419975,max_steps,0.9946758762305097,0.10074686157625977,9.0,3.1582130951918623
B_a1.5_rho0.0496,B,3,1.5,3000000,10,8,4,0.0,15168.572153182855,15,0.1638266180739408,0.01107710539641943,0.5730596088877129,0.059802395390875104,0.17841824331933695,0.005068499254377966,"(np.float64(11243.411558138143), np.float64(45746.74599809532))",0.37237676514371376,5.666043163202673e-06,1.4679027116059082,0.9416268786946872,7,,,0,0.8398481370184563,0.2706606057461789,10,1.4694862332250538,1.2154781952896023,6,,,0,0.6047340175682986,0.31687806733991425,8,0.7112118159217378,0.184111625485793,,,0.38602006435394287,4.190548124753293,7.957599952360957,4.1598752413721325,0,56,8,0,185.75938020499984,max_steps,0.9914104413916869,0.08736923266133376,10.0,3.7702133281510473
B_a1.5_rho0.0496,B,4,1.5,3000000,7,6,3,0.0,11241.291529866945,11,0.14904308684657952,0.01448094595539972,0.4590407550371308,0.06151047842760456,,,"(np.float64(13418.51480345513), nan)",0.44356542623825135,5.643141299203127e-06,1.90213654756974,0.35091139028845886,7,,,0,1.0286585694541708,0.06776996039275802,7,2.0060585397345916,0.49696462749428927,6,,,0,1.021164422120533,0.09711680988180975,6,0.8815837954291613,0.11855249299354857,,,0.40783771872520447,3.8467274143391137,8.476617534993235,3.5850403121968197,0,48,16,0,183.5881686109999,max_steps,1.0667313238811498,0.10747115927514318,11.0,3.926059473768225
B_a1.5_rho0.1,B,0,1.5,3000000,7,7,1,721.7439977921126,43882.10822206606,43,0.07563437579810091,0.006851590956207252,0.3536424522770461,0.021956679535693486,,,"(np.float64(3661.403927226949), nan)",0.5428164928131046,0.32589273494080173,1.9097934002083246,0.8117552682230672,6,,,0,0.3632012438275414,0.16520466101269027,7,1.9097934002083246,0.8117552682230672,6,,,0,0.3632012438275414,0.16520466101269027,7,0.3590041701001127,0.06108744645905991,,,0.31714147329330444,2.642704491555586,3.0038161813758872,2.642704491555586,0,20,44,0,181.383749765,max_steps,-0.15402018032607148,0.036075113553399665,4.0,1.7641701988019731
B_a1.5_rho0.1,B,1,1.5,3000000,4,3,2,999.854454084862,6852.631578947368,6,0.12490720214620958,0.007938852880075445,0.5359289391404055,0.04482666358646994,,,"(np.float64(4432.80118383483), nan)",0.5675304619667605,0.32588232525705485,0.1719725049126372,0.30982591746694055,4,,,0,0.21967521710348079,0.12080115218587716,4,1.1578111135742275,0.026878673181229887,3,,,0,0.39154481260179946,0.3763691668486698,3,0.325046799339069,0.04876445685417747,,,0.32392439246177673,2.6056165775633486,5.499326628083079,2.5724703043302743,0,30,34,0,187.71915862799997,max_steps,-0.5310157542982804,0.5217290937821601,4.0,1.7447074832228395
B_a1.5_rho0.1,B,2,1.5,3000000,5,5,2,275.8095585598247,59286.83461117196,59,0.05152151296535064,0.005140325328835439,0.2810087039310668,0.018826078985709312,,,"(np.float64(3939.1593176180877), nan)",0.5348131979704369,0.3259167664581511,1.9560240296410294,0.6777487118475948,4,,,0,0.5566184881883927,0.16499168169481535,5,1.9560240296410294,0.6777487118475948,4,,,0,0.5566184881883927,0.16499168169481535,5,0.5383512670818057,0.2414523702381853,,,0.34317806363105774,2.5177388186013334,3.641139818063359,2.5177388186013334,0,23,41,0,179.93501200599997,max_steps,0.02757976081692821,0.21476135873264432,4.0,1.789004788279457
B_a1.5_rho0.1,B,3,1.5,3000000,4,4,4,0.0,9559.443739224342,9,0.1156192230608247,0.0036991408364623547,0.5286034088443421,0.022395986245772746,,,"(np.float64(4447.427991429716), nan)",0.5449417182959478,0.32586168929634296,2.1259842428541496,4.174834443943738,3,,,0,0.7772937219247329,0.35296475680477707,4,2.1259842428541496,4.174834443943738,3,,,0,0.7772937219247329,0.35296475680477707,4,0.2550633510359935,0.04525771345223548,,,0.33849331736564636,2.415389711407159,3.518610279673138,2.415389711407159,0,24,40,0,184.97860694099995,max_steps,0.015022946186744227,0.15250981004859004,4.0,1.800028282227165
B_a1.5_rho0.1,B,4,1.5,3000000,5,5,3,0.0,6902.868890917312,6,0.13148853104444422,0.005196958840139718,0.5395354518430624,0.0392869501777531,,,"(np.float64(3602.3674116812263), nan)",0.5859501176115962,0.3258948879601681,1.3507121909629483,0.8798904216447587,4,,,0,0.8178250622719497,0.11670325721328238,5,1.3507121909629483,0.8798904216447587,4,,,0,0.8178250622719497,0.11670325721328238,5,0.5655374288204679,0.06504419676594037,,,0.3201465308666229,2.852260863027025,10.759126088132126,2.852260863027025,0,24,40,0,185.7525059550001,max_steps,-0.4367172635312438,0.30176435164647974,4.0,1.7971027523008931
B_a1.5_rho1.0,B,0,1.5,3000000,16,8,1,1738.4629033423798,6887.855343829335,5,-0.011537400251773407,0.025656290444631216,0.023869807631597895,0.019135468316689906,0.072520384278825,0.06085358884553989,"(np.float64(32901.59557449846), np.float64(50854.47123385938))",0.7889111726646719,141.94802772384503,0.762818238587807,0.30653801456825347,15,,,0,0.2666369408659131,0.3802219227197237,16,1.4813340363461376,0.26664637245598294,7,,,0,0.2924055679499798,0.3943828472223615,8,0.3317222783723458,0.4113700614379903,,,0.23989452421665192,15.523823624993172,172.64652770704862,18.741071012816835,0,2,62,0,181.676903664,max_steps,,,0.0,
B_a1.5_rho1.0,B,1,1.5,3000000,16,8,2,407.42766357722456,3633.373102872357,3,,,,,0.061543257793120525,0.014242600196120803,"(np.float64(6593.848035022309), np.float64(26447.377329301613))",0.7740688632292037,141.52201832368803,-0.34275063000684386,0.4333290475927573,14,,,0,0.22296945768715237,0.6406794359425861,16,0.1657849538408721,0.6909465096880747,7,,,0,1.9558354483492413,0.9689897111878488,8,0.29085957534221846,0.668027175542004,,,0.25412657856941223,11.873228931833768,195.9464930422995,10.076488144687868,0,4,60,0,182.677121619,max_steps,,,0.0,
B_a1.5_rho1.0,B,2,1.5,3000000,16,8,2,343.2175235466835,2906.192734201604,2,,,,,-0.012131347265030292,0.005167740825109021,"(np.float64(4564.760524528236), np.float64(68506.72364686245))",0.7134996067221451,142.18529691801126,0.34632459783828123,0.3880712049567397,14,,,0,-0.11517896731474637,0.5494056140873954,16,0.8858643183811966,0.4047375023287764,7,,,0,-0.5721992514462753,0.8930107092636927,8,-0.1665525069754031,0.595014418178225,,,0.26287195086479187,4.211898963281619,174.21436032408806,15.948061042188993,0,7,57,0,180.5524154630001,max_steps,,,0.0,
B_a1.5_rho1.0,B,3,1.5,3000000,16,8,4,0.0,2977.834994373666,2,,,,,-0.04488490876083388,0.022967984461478116,"(np.float64(25782.357760881874), np.float64(51423.38439865021))",0.7392966412942099,138.54170854535346,0.5014549078793065,0.5915756780982506,12,,,0,0.5900544059054805,0.426890480310821,16,-0.38082008690690944,1.5530359726553977,6,,,0,0.8753503916715581,0.6473668899378426,8,0.5303582771358778,0.4680943829101161,,,0.2417273074388504,8.481542777120605,181.96128469400315,4.592133648306827,0,8,56,0,182.982268555,max_steps,,,0.0,
B_a1.5_rho1.0,B,4,1.5,3000000,16,8,3,0.0,1290.017132568758,1,,,,,0.021140307578172774,0.019048652955700327,"(np.float64(42952.580897554464), np.float64(136776.58385013655))",0.8034263149869691,139.72359329950118,0.46370890001114057,0.5029242456728521,13,,,0,0.2554176001872356,0.4210169025910447,16,1.1310813769608348,0.7330257768189051,7,,,0,0.1066623801396522,0.5321325172324247,8,0.20886430114830754,0.48090042397428806,,,0.25945353507995605,5.241938791739618,210.56549750952098,9.907680479503714,0,2,62,0,185.3873548449999,max_steps,,,0.0,
